player,VSA,SBA,SwM,FB_SwM,BB_SwM,IZ_SwM,swings,IZ_swings,IZ swings/miss
"Abrams Jr., CJ",-28.0,-17.9,0.18,0.12,0.25,0.11,940,554,62
"Abreu, Jose",-32.3,-11.3,0.24,0.18,0.33,0.14,910,510,72
"Abreu, Wilyer",-36.4,-14.8,0.31,0.33,0.29,0.27,134,90,24
"Acuna, Ronald",-35.1,-17.7,0.15,0.11,0.21,0.11,1026,709,76
"Adames, Willy",-34.7,-19.9,0.29,0.20,0.37,0.17,1026,636,110
"Adams, Jordyn",-33.0,-23.8,0.30,0.29,0.30,0.20,83,56,11
"Adams, Riley",-36.5,-7.5,0.26,0.19,0.34,0.14,261,175,24
"Adell, Jo",-32.3,-7.2,0.34,0.27,0.46,0.18,109,71,13
"Aguilar, Jesus",-34.0,-10.3,0.21,0.04,0.24,0.15,78,52,8
"Alberto, Hanser",-33.9,-16.8,0.19,0.18,0.23,0.12,147,86,10
"Albies, Ozzie",-34.8,-16.6,0.17,0.17,0.22,0.10,1089,690,66
"Alfaro, Jorge",-34.4,-10.0,0.30,0.15,0.40,0.04,101,57,2
"Allen, Greg",-29.6,-19.9,0.26,0.05,0.75,0.24,47,29,7
"Allen, Nick",-26.6,-8.9,0.18,0.12,0.28,0.10,522,366,35
"Almonte, Abraham",-34.0,-12.2,0.35,0.20,0.38,0.14,39,21,3
"Alonso, Pete",-30.0,-17.4,0.23,0.12,0.34,0.14,929,580,84
"Altuve, Jose",-32.7,-24.4,0.17,0.12,0.24,0.10,651,375,38
"Alu, Jake",-35.7,-9.9,0.22,0.14,0.34,0.12,289,170,21
"Alvarez, Francisco",-28.8,-14.7,0.28,0.22,0.35,0.19,630,410,77
"Alvarez, Yordan",-35.2,-4.8,0.20,0.16,0.28,0.12,601,384,46
"Amaya, Miguel",-27.9,-16.8,0.24,0.13,0.37,0.13,257,170,22
"Anderson, Brian",-33.1,-25.0,0.30,0.25,0.31,0.20,514,327,65
"Anderson, Tim",-41.1,-14.5,0.23,0.19,0.26,0.14,841,503,72
"Andrus, Elvis",-28.3,-16.2,0.17,0.09,0.24,0.08,531,319,27
"Andujar, Miguel",-25.2,-8.6,0.19,0.03,0.38,0.11,138,70,8
"Aranda, Jonathan",-35.1,-21.3,0.26,0.30,0.28,0.23,176,107,25
"Arauz, Jonathan",-28.0,-1.8,0.26,0.17,0.28,0.19,128,69,13
"Arcia, Orlando",-26.0,-15.0,0.23,0.17,0.31,0.15,851,524,81
"Arenado, Nolan",-34.3,-14.7,0.18,0.08,0.26,0.07,912,548,41
"Arias, Gabriel",-27.8,-17.9,0.36,0.33,0.41,0.23,572,357,83
"Arozarena, Randy",-24.8,-28.2,0.26,0.25,0.27,0.21,904,546,114
"Arraez, Luis",-38.9,-13.9,0.06,0.05,0.11,0.05,895,615,30
"Arroyo, Christian",-36.8,-10.6,0.20,0.14,0.33,0.11,289,172,19
"Azocar, Jose",-36.0,-6.8,0.23,0.24,0.25,0.18,132,72,13
"Baddoo, Akil",-31.4,-14.8,0.23,0.17,0.31,0.11,516,333,35
"Bader, Harrison",-25.0,-13.8,0.24,0.09,0.36,0.10,567,354,37
"Bae, Ji Hwan",-30.2,-10.6,0.21,0.15,0.34,0.16,525,362,57
"Baez, Javier",-28.7,-20.1,0.30,0.26,0.38,0.19,773,422,79
"Baker, Luken",-30.2,-14.0,0.31,0.24,0.41,0.21,188,109,23
"Barnes, Austin",-26.7,-18.9,0.18,0.13,0.27,0.12,256,192,23
"Barnhart, Tucker",-31.0,-15.7,0.21,0.18,0.25,0.08,185,119,10
"Basabe, Osleivis",-24.3,-13.2,0.23,0.20,0.27,0.16,182,119,19
"Batten, Matthew",-21.8,-5.6,0.20,0.18,0.29,0.11,175,96,11
"Baty, Brett",-38.1,-15.9,0.30,0.21,0.45,0.17,592,353,61
"Bauers, Jake",-36.1,-16.0,0.32,0.27,0.39,0.20,479,302,61
"Beaty, Matt",-28.9,-8.2,0.19,0.09,0.31,0.06,127,78,5
"Bell, Josh",-33.3,-17.0,0.21,0.14,0.24,0.13,903,575,73
"Bellinger, Cody",-32.2,-20.1,0.18,0.16,0.22,0.12,849,506,59
"Belt, Brandon",-46.6,-19.5,0.29,0.30,0.35,0.23,598,439,100
"Benintendi, Andrew",-35.9,-18.3,0.16,0.15,0.22,0.13,878,589,74
"Benson, Will",-35.2,-17.5,0.29,0.23,0.35,0.20,523,352,69
"Berti, Jon",-27.7,-8.5,0.17,0.12,0.23,0.09,588,419,37
"Bethancourt, Christian",-27.2,-20.3,0.34,0.27,0.40,0.20,530,284,58
"Betts, Mookie",-35.0,-13.9,0.14,0.08,0.20,0.05,867,622,34
"Bichette, Bo",-38.8,-7.0,0.18,0.12,0.27,0.10,947,587,59
"Biggio, Cavan",-38.0,-10.5,0.20,0.11,0.33,0.10,471,344,34
"Blackmon, Charlie",-33.1,-9.5,0.15,0.08,0.25,0.08,505,306,24
"Blanco Lamadrid, Dairon",-32.6,-13.6,0.23,0.25,0.27,0.14,206,138,19
"Blankenhorn, Travis",-27.7,-22.9,0.27,0.10,0.38,0.19,64,31,6
"Bleday, JJ",-35.4,-16.3,0.24,0.22,0.24,0.16,511,374,61
"Bogaerts, Xander",-32.2,-12.2,0.19,0.14,0.24,0.11,916,583,65
"Bohm, Alec",-31.2,-16.4,0.16,0.11,0.20,0.11,889,600,63
"Bouchard, Sean",-38.4,-18.7,0.38,0.14,0.46,0.15,49,27,4
"Bradley, Jackie",-25.1,-32.3,0.33,0.20,0.41,0.21,155,92,19
"Brantley, Michael",-33.2,-7.0,0.06,0.02,0.14,0.02,68,49,1
"Bregman, Alex",-29.5,-21.3,0.12,0.08,0.17,0.06,831,611,36
"Brennan, Will",-32.4,-6.0,0.16,0.13,0.20,0.09,692,413,37
"Bride, Jonah",-29.4,-24.3,0.16,0.07,0.17,0.10,152,103,10
"Brosseau, Mike",-33.4,-29.4,0.27,0.39,0.25,0.18,51,38,7
"Brown, Seth",-32.7,-9.5,0.30,0.18,0.42,0.19,608,390,73
"Brujan, Vidal",-29.8,-21.6,0.15,0.07,0.54,0.13,122,77,10
"Bryant, Kris",-37.2,-14.9,0.22,0.11,0.36,0.13,425,276,35
"Burdick, Peyton",-36.8,-22.7,0.42,0.50,0.47,0.39,82,54,21
"Burger, Jake",-24.5,-17.4,0.32,0.21,0.45,0.19,843,516,97
"Burleson, Alec",-34.0,-15.1,0.15,0.14,0.18,0.09,516,311,27
"Busch, Michael",-38.2,-19.5,0.28,0.20,0.37,0.16,154,90,14
"Butler, Lawrence",-33.3,-5.7,0.27,0.17,0.29,0.17,207,141,24
"Buxton, Byron",-34.7,-19.0,0.29,0.28,0.33,0.17,436,280,47
"Caballero, Jose",-33.3,-9.5,0.21,0.14,0.33,0.12,446,278,34
"Cabbage, Trey",-36.0,-11.5,0.50,0.40,0.63,0.29,136,69,20
"Cabrera, Miguel",-32.4,-16.6,0.23,0.15,0.37,0.16,524,377,59
"Cabrera, Oswaldo",-32.6,-14.9,0.22,0.16,0.35,0.15,443,302,44
"Calhoun, Kole",-32.7,-13.7,0.21,0.12,0.20,0.10,293,201,21
"Calhoun, Willie",-18.6,-10.4,0.12,0.11,0.19,0.08,131,84,7
"Call, Alex",-28.2,-18.2,0.16,0.11,0.20,0.10,596,414,43
"Camargo, Johan",-30.8,-9.5,0.27,0.29,0.29,0.23,41,26,6
"Caminero, Junior",-23.1,-16.5,0.38,0.19,0.50,0.35,47,20,7
"Campusano-Bracero, Luis",-26.2,-19.8,0.16,0.15,0.12,0.10,283,175,17
"Canario, Alexander",-33.4,-23.1,0.38,0.32,0.33,0.29,33,21,6
"Candelario, Jeimer",-35.0,-14.1,0.21,0.16,0.33,0.13,872,559,74
"Canha, Mark",-31.0,-18.1,0.16,0.15,0.21,0.10,710,480,50
"Canzone, Dominic",-35.7,-26.0,0.25,0.16,0.34,0.16,322,176,28
"Capel, Conner",-30.4,-18.9,0.33,0.32,0.31,0.14,43,28,4
"Capra, Vinny",-37.3,-6.0,0.21,0.08,0.33,0.17,31,18,3
"Caratini, Victor",-31.7,-10.7,0.19,0.10,0.25,0.12,289,197,23
"Carlson, Dylan",-38.7,-12.1,0.19,0.11,0.25,0.12,378,248,30
"Carpenter, Kerry",-34.4,-26.8,0.22,0.19,0.19,0.14,687,413,56
"Carpenter, Matt",-37.1,-18.9,0.26,0.22,0.33,0.16,297,194,31
"Carroll, Corbin",-23.9,-17.7,0.18,0.14,0.21,0.12,963,587,68
"Carter, Evan",-33.7,-0.6,0.29,0.25,0.27,0.21,101,75,16
"Casali, Curt",-36.2,-16.3,0.22,0.11,0.52,0.13,103,78,10
"Casas, Triston",-37.4,-16.0,0.26,0.20,0.38,0.20,755,484,99
"Castellanos, Nick",-39.8,-13.8,0.33,0.17,0.46,0.20,1135,663,130
"Castro, Harold",-42.1,-13.2,0.28,0.23,0.37,0.13,435,245,32
"Castro, Rodolfo",-34.6,-18.2,0.31,0.13,0.49,0.15,339,213,32
"Castro, Willi",-37.1,-3.2,0.25,0.20,0.28,0.15,660,392,59
"Cave, Jake",-37.6,-21.3,0.22,0.16,0.27,0.15,277,179,27
"Chang, Yu",-31.0,-18.5,0.35,0.20,0.51,0.20,120,70,14
"Chavis, Michael",-27.2,-19.7,0.32,0.26,0.36,0.22,166,92,20
"Chisholm, Jazz",-33.8,-21.1,0.32,0.22,0.40,0.24,496,326,77
"Choi, Ji Man",-30.5,-24.9,0.29,0.29,0.39,0.19,175,118,23
"Clemens, Kody",-32.1,-22.5,0.24,0.22,0.25,0.17,215,138,24
"Clement, Ernie",-33.9,-12.3,0.08,0.05,0.17,0.04,89,53,2
"Colas, Oscar",-33.5,-6.7,0.30,0.26,0.42,0.15,361,194,30
"Contreras, William",-27.2,-23.4,0.27,0.22,0.33,0.19,878,542,102
"Contreras, Willson",-32.5,-16.2,0.26,0.19,0.31,0.14,776,471,68
"Cooper, Garrett",-40.7,-13.0,0.29,0.23,0.38,0.17,749,409,69
"Cordero, Franchy",-34.7,-7.6,0.31,0.14,0.67,0.26,40,27,7
"Correa, Carlos",-33.0,-12.2,0.22,0.12,0.35,0.14,766,482,67
"Cowser, Colton",-40.2,-14.1,0.24,0.27,0.19,0.19,145,96,18
"Crawford, Brandon",-31.0,-25.6,0.28,0.17,0.42,0.17,657,404,69
"Crawford, J.P.",-33.4,-3.6,0.17,0.12,0.24,0.11,831,584,67
"Cron, C.J.",-29.9,-13.3,0.22,0.13,0.33,0.15,364,207,32
"Cronenworth, Jake",-32.7,-9.8,0.12,0.06,0.22,0.06,728,484,31
"Cropley, Tyler",-35.4,-16.9,0.33,0.75,0.25,0.26,24,19,5
"Crow-Armstrong, Pete",-40.4,-13.7,0.44,0.52,0.13,0.50,41,30,15
"Cruz, Nelson",-32.1,-11.1,0.28,0.14,0.34,0.17,187,107,18
"D'Arnaud, Travis",-30.6,-23.8,0.26,0.22,0.32,0.19,462,319,62
"Dalbec, Bobby",-36.6,-25.4,0.60,0.79,0.43,0.43,59,35,15
"Davis, Henry",-27.8,-13.4,0.24,0.14,0.41,0.12,456,274,32
"Davis, J.D.",-36.0,-23.6,0.31,0.26,0.39,0.21,1129,805,173
"Davis, Jonathan",-31.7,-14.0,0.25,0.20,0.33,0.18,167,115,21
"Daza, Yonathan",-37.7,-7.6,0.03,0.00,0.07,0.00,33,20,0
"De La Cruz, Bryan",-38.1,-18.2,0.25,0.20,0.31,0.19,1036,629,121
"De La Cruz, Elly",-35.4,-11.5,0.27,0.21,0.34,0.15,713,409,63
"DeJong, Paul",-36.9,-19.7,0.32,0.25,0.40,0.20,698,420,85
"DeLuca, Jonny",-28.6,-15.7,0.24,0.10,0.38,0.08,92,48,4
"Delay, Jason",-35.3,-12.3,0.25,0.16,0.39,0.14,288,183,26
"Devers, Rafael",-27.0,-22.7,0.23,0.26,0.20,0.20,1033,640,130
"Diaz, Aledmys",-28.5,-7.2,0.19,0.16,0.20,0.13,428,287,38
"Diaz, Elias",-30.4,-7.4,0.27,0.19,0.34,0.15,887,559,86
"Diaz, Isan",-30.4,-25.2,0.36,0.00,0.30,0.21,39,28,6
"Diaz, Jordan",-25.6,-15.7,0.27,0.16,0.41,0.12,508,310,37
"Diaz, Yainer",-30.9,-26.1,0.26,0.22,0.30,0.13,642,359,47
"Diaz, Yandy",-25.6,-19.0,0.17,0.14,0.23,0.10,800,581,57
"Dickerson, Corey",-30.2,-8.8,0.19,0.16,0.20,0.11,284,155,17
"Dixon, Brandon",-28.3,-14.6,0.31,0.23,0.40,0.21,129,80,17
"Dominguez, Jasson",-32.1,-6.1,0.28,0.17,0.40,0.15,59,41,6
"Donaldson, Josh",-25.1,-35.8,0.26,0.21,0.32,0.20,261,172,34
"Donovan, Brendan",-32.2,-15.1,0.12,0.10,0.16,0.06,455,317,19
"Doyle, Brenton",-31.2,-28.8,0.35,0.24,0.46,0.19,714,448,85
"Dozier, Hunter",-31.7,-17.6,0.24,0.10,0.45,0.13,78,46,6
"Drury, Brandon",-31.3,-16.4,0.27,0.24,0.33,0.15,760,468,71
"Dubon, Mauricio",-32.7,-8.1,0.16,0.16,0.15,0.11,745,456,52
"Duffy, Matt",-35.1,-9.6,0.21,0.04,0.43,0.16,282,177,28
"Duran, Ezequiel",-27.7,-16.6,0.25,0.20,0.31,0.15,732,431,64
"Duran, Jarren",-31.3,-8.1,0.23,0.16,0.29,0.10,593,368,37
"Duvall, Adam",-32.0,-20.5,0.29,0.19,0.40,0.17,537,304,53
"Eaton, Nate",-33.0,-16.0,0.26,0.21,0.43,0.16,71,51,8
"Edman, Tommy",-23.6,-16.2,0.14,0.10,0.21,0.06,647,439,25
"Edwards, Xavier",-33.0,-4.7,0.15,0.10,0.15,0.10,123,82,8
"Ellis, Drew",-32.9,-11.3,0.23,0.15,0.20,0.14,37,28,4
"Encarnacion-Strand, Christian",-36.1,-20.2,0.29,0.24,0.35,0.18,465,278,49
"Escobar, Eduardo",-31.4,-14.6,0.28,0.28,0.30,0.24,487,289,68
"Espinal, Santiago",-33.4,-11.3,0.16,0.12,0.20,0.08,347,228,19
"Fairchild, Stuart",-35.6,-17.1,0.31,0.22,0.43,0.21,363,258,54
"Farmer, Kyle",-33.8,-20.6,0.20,0.13,0.31,0.10,537,322,33
"Fermin, Freddy",-39.1,-17.2,0.22,0.16,0.28,0.12,466,321,37
"Fermin, Jose",-30.9,-7.7,0.10,0.08,0.14,0.06,72,50,3
"Fletcher, David",-25.6,-11.9,0.15,0.06,0.24,0.09,109,68,6
"Fletcher, Dominic",-28.2,-16.6,0.19,0.11,0.33,0.12,176,117,14
"Florial, Estevan",-35.0,-12.6,0.37,0.27,0.41,0.27,97,75,20
"Ford, Mike",-31.2,-17.6,0.28,0.18,0.35,0.17,424,269,45
"Fortes, Nick",-20.1,-10.0,0.13,0.10,0.21,0.10,446,304,29
"Fraley, Jake",-39.4,-1.5,0.23,0.14,0.39,0.13,547,356,48
"France, Ty",-36.6,-19.0,0.20,0.12,0.27,0.09,1094,686,61
"Franco, Wander",-31.2,-18.6,0.13,0.11,0.13,0.09,639,407,37
"Frazier, Adam",-37.0,-10.8,0.19,0.13,0.27,0.10,620,418,41
"Frazier, Clint",-31.3,-17.5,0.30,0.18,0.30,0.19,125,81,15
"Freeman, Freddie",-42.9,-12.1,0.19,0.14,0.26,0.12,1134,762,95
"Freeman, Tyler",-32.6,-4.6,0.16,0.12,0.25,0.08,259,167,14
"Frelick, Sal",-27.4,-10.3,0.13,0.12,0.17,0.07,345,216,16
"Friedl, Jr, TJ",-28.0,-3.5,0.15,0.06,0.18,0.07,728,495,37
"Fry, David",-31.9,-19.8,0.26,0.20,0.35,0.21,242,140,29
"Gallagher, Cam",-27.4,-6.4,0.21,0.21,0.23,0.16,237,140,22
"Gallo, Joey",-36.2,-22.8,0.44,0.34,0.53,0.32,536,354,114
"Gamel, Ben",-36.7,-6.5,0.08,0.11,0.14,0.05,25,22,1
"Garcia, Adolis",-29.6,-25.3,0.31,0.27,0.34,0.21,1002,625,132
"Garcia, Avisail",-31.8,-15.1,0.36,0.23,0.39,0.15,114,59,9
"Garcia, Jose",-35.2,-11.6,0.34,0.18,0.46,0.18,155,97,17
"Garcia, Luis",-29.7,-19.7,0.15,0.08,0.17,0.09,680,440,38
"Garcia, Maikel",-28.5,-26.5,0.18,0.18,0.20,0.12,754,530,64
"Garlick, Kyle",-37.7,-23.2,0.34,0.25,0.60,0.26,29,19,5
"Garrett, Stone",-30.7,-14.7,0.31,0.23,0.37,0.21,485,307,64
"Garver, Mitch",-28.0,-22.5,0.20,0.12,0.29,0.12,520,359,44
"Gelof, Zack",-34.3,-31.1,0.31,0.24,0.43,0.25,563,359,89
"Gimenez, Andres",-31.6,-14.5,0.22,0.18,0.26,0.13,979,556,71
"Goldschmidt, Paul",-32.2,-21.0,0.25,0.18,0.32,0.20,1012,674,133
"Gomes, Yan",-32.4,-13.1,0.22,0.16,0.27,0.14,635,383,52
"Gonzales, Nick",-42.5,-24.4,0.31,0.22,0.42,0.20,246,166,33
"Gonzalez, Oscar",-31.5,-7.5,0.32,0.27,0.38,0.18,241,125,23
"Gonzalez, Romy",-28.8,-19.7,0.35,0.15,0.56,0.22,83,49,11
"Goodman, Hunter",-23.6,-16.1,0.35,0.22,0.46,0.17,146,72,12
"Gordon, Nick",-35.1,-12.3,0.21,0.15,0.29,0.04,76,46,2
"Gorman, Nolan",-37.8,-19.6,0.34,0.33,0.37,0.24,752,469,113
"Grandal, Yasmani",-26.3,-20.3,0.22,0.17,0.35,0.15,553,363,55
"Greene, Riley",-44.2,-16.8,0.24,0.15,0.39,0.16,578,395,63
"Grichuk, Randal",-27.2,-19.9,0.25,0.17,0.37,0.12,797,480,59
"Grisham, Trent",-33.1,-33.5,0.22,0.16,0.30,0.15,761,525,79
"Grissom, Vaughn",-39.7,-8.5,0.23,0.13,0.32,0.08,77,49,4
"Grossman, Robbie",-36.4,-13.1,0.18,0.09,0.29,0.11,542,399,43
"Guerrero, Vladimir",-28.4,-5.4,0.21,0.15,0.27,0.12,999,659,82
"Guillorme, Luis",-31.9,-16.5,0.17,0.10,0.25,0.10,149,102,10
"Gurriel, Lourdes",-34.4,-14.7,0.16,0.08,0.24,0.08,869,583,46
"Gurriel, Yuli",-21.5,-6.6,0.15,0.13,0.19,0.10,502,299,29
"Guthrie, Dalton",-31.0,-18.7,0.30,0.30,0.39,0.26,58,34,9
"Haase, Eric",-27.1,-15.5,0.28,0.24,0.34,0.17,434,260,43
"Haggerty, Sam",-31.3,2.0,0.20,0.11,0.23,0.14,158,111,15
"Hall, Darick",-29.7,-22.1,0.18,0.11,0.20,0.06,75,51,3
"Hamilton, David",-34.1,-6.2,0.19,0.11,0.00,0.09,73,45,4
"Hampson, Garrett",-30.6,-17.1,0.24,0.14,0.40,0.15,323,201,31
"Haniger, Mitch",-33.4,-21.2,0.27,0.18,0.35,0.15,426,279,42
"Happ, Ian",-31.9,-15.5,0.22,0.16,0.30,0.14,1002,676,98
"Harper, Bryce",-36.3,-15.1,0.32,0.23,0.38,0.19,1000,583,111
"Harris, Michael",-28.3,-13.0,0.22,0.15,0.27,0.14,894,512,70
"Harrison, Josh",-34.5,-23.3,0.21,0.21,0.21,0.21,122,85,18
"Haseley, Adam",-27.7,-10.4,0.19,0.16,0.36,0.18,37,28,5
"Hayes, Ke'Bryan",-28.2,-13.6,0.21,0.12,0.30,0.10,668,419,43
"Hays, Austin",-28.1,-23.4,0.26,0.18,0.32,0.13,818,489,66
"Hedges, Austin",-27.2,-17.9,0.28,0.19,0.40,0.18,306,193,34
"Heim, Jonah",-29.7,-21.7,0.21,0.22,0.22,0.14,816,542,78
"Heineman, Tyler",-30.6,-9.4,0.17,0.18,0.00,0.13,64,38,5
"Henderson, Gunnar",-34.3,-17.3,0.22,0.19,0.27,0.15,937,616,94
"Hensley, David",-32.4,-16.9,0.25,0.29,0.29,0.09,45,34,3
"Hernandez, Enrique",-27.5,-9.5,0.21,0.12,0.32,0.13,700,452,61
"Hernandez, Teoscar",-32.6,-20.8,0.33,0.25,0.37,0.22,1176,726,158
"Hernandez, Yonny",-32.6,-11.3,0.32,0.30,0.67,0.22,34,27,6
"Herrera, Ivan",-34.8,-19.5,0.22,0.14,0.33,0.15,76,47,7
"Herrera, Jose",-34.8,-1.9,0.17,0.12,0.21,0.10,165,122,12
"Heyward, Jason",-30.3,-7.7,0.19,0.06,0.30,0.09,532,324,30
"Hicks, Aaron",-28.6,-14.9,0.20,0.12,0.26,0.12,415,258,32
"Higashioka, Kyle",-32.2,-16.3,0.24,0.15,0.29,0.12,424,279,34
"Hill, Derek",-31.3,-9.6,0.21,0.05,0.39,0.13,97,56,7
"Hilliard, Sam",-24.8,-12.4,0.26,0.23,0.31,0.17,49,29,5
"Hoerner, Nico",-32.1,-7.0,0.11,0.05,0.20,0.06,901,568,32
"Hopkins, TJ",-34.9,-23.8,0.32,0.21,0.44,0.18,71,45,8
"Horwitz, Spencer",-38.3,-18.2,0.26,0.08,0.46,0.13,80,54,7
"Hosmer, Eric",-27.1,-20.9,0.17,0.20,0.17,0.15,72,41,6
"Huff, Sam",-33.5,-13.8,0.43,0.21,0.62,0.26,79,42,11
"Ibanez, Andy",-28.7,-14.2,0.21,0.15,0.28,0.11,607,372,41
"India, Jonathan",-30.9,-12.7,0.23,0.13,0.35,0.16,625,450,71
"Isbel, Kyle",-22.3,-6.9,0.16,0.06,0.29,0.08,380,246,20
"Jankowski, Travis",-31.6,6.2,0.10,0.04,0.21,0.06,369,250,16
"Jansen, Danny",-29.4,-19.9,0.20,0.19,0.23,0.15,485,344,50
"Jeffers, Ryan",-33.1,-14.6,0.28,0.18,0.40,0.18,484,296,52
"Jimenez, Eloy",-24.8,-15.9,0.25,0.10,0.37,0.15,633,378,55
"Joe, Connor",-31.3,-3.9,0.21,0.12,0.33,0.14,676,445,61
"Johnson, Bryce",-36.4,-5.4,0.28,0.24,0.44,0.16,83,49,8
"Jones, Jahmai",-34.1,-20.2,0.32,0.25,0.33,0.28,24,18,5
"Jones, Nolan",-37.8,-10.5,0.30,0.27,0.37,0.23,662,408,94
"Judge, Aaron",-42.6,-11.8,0.32,0.20,0.41,0.22,640,401,88
"Julien, Edouard",-44.5,-23.8,0.26,0.15,0.43,0.18,569,420,77
"Julks, Corey",-37.2,-9.9,0.20,0.12,0.28,0.13,435,266,34
"Jung, Josh",-39.2,-17.7,0.27,0.21,0.34,0.15,793,487,75
"Kelenic, Jarred",-32.0,-26.8,0.31,0.21,0.40,0.18,611,364,65
"Kelly, Carson",-32.3,-13.1,0.28,0.19,0.39,0.21,229,154,33
"Kemp, Tony",-30.9,-14.2,0.11,0.06,0.18,0.08,561,363,28
"Kennedy, Buddy",-35.1,-2.5,0.19,0.25,0.31,0.14,44,35,5
"Kepler-Rozycki, Max",-30.9,-4.7,0.19,0.12,0.25,0.09,751,498,47
"Kessinger, Grae",-28.5,-20.4,0.27,0.30,0.16,0.23,75,48,11
"Kieboom, Carter",-28.9,-7.8,0.29,0.26,0.31,0.22,149,106,23
"Kiermaier, Kevin",-29.8,-10.5,0.28,0.18,0.40,0.19,603,402,75
"Kim, Ha-Seong",-24.6,-16.6,0.15,0.13,0.18,0.11,877,585,65
"Kiner-Falefa, Isiah",-33.0,-8.4,0.17,0.10,0.22,0.09,532,363,34
"Kirilloff, Alex",-35.2,-27.2,0.26,0.18,0.36,0.15,492,296,44
"Kirk, Alejandro",-23.5,-20.7,0.10,0.06,0.17,0.05,563,359,17
"Kjerstad, Heston",-41.0,-13.5,0.43,0.31,0.50,0.16,36,19,3
"Knizner, Andrew",-25.4,-20.8,0.24,0.18,0.37,0.15,410,250,37
"Kohlwey, Taylor",-38.6,-0.8,0.29,0.20,0.50,0.14,21,14,2
"Kwan, Steven",-34.8,1.4,0.09,0.07,0.14,0.05,912,628,29
"Lamb, Jake",-32.2,-20.1,0.35,0.27,0.43,0.28,32,18,5
"Langeliers, Shea",-29.6,-20.8,0.30,0.24,0.37,0.21,740,474,100
"Larnach, Trevor",-40.5,-11.0,0.33,0.19,0.47,0.21,180,126,26
"Laureano, Ramon",-36.0,-15.9,0.27,0.18,0.34,0.11,594,385,44
"Lawlar, Jordan",-35.7,-20.8,0.30,0.22,0.41,0.18,67,44,8
"LeMahieu, DJ",-28.4,-22.1,0.17,0.11,0.23,0.11,732,488,53
"Lee, Korey",-30.6,-19.1,0.27,0.13,0.28,0.14,118,77,11
"Leon, Sandy",-34.4,-17.1,0.20,0.20,0.16,0.20,59,35,7
"Lester, Josh",-37.6,-23.3,0.31,0.20,0.33,0.19,35,21,4
"Lewis, Kyle",-36.7,-25.9,0.24,0.35,0.17,0.25,64,44,11
"Lewis, Royce",-26.1,-18.2,0.22,0.17,0.22,0.12,401,252,30
"Lindor, Francisco",-32.1,-16.9,0.20,0.14,0.28,0.12,1085,683,83
"Lipcius, Andre",-38.3,-29.7,0.27,0.19,0.39,0.23,70,43,10
"Locastro, Tim",-30.8,-19.8,0.29,0.23,0.20,0.19,87,48,9
"Loftin, Nick",-32.3,-11.0,0.16,0.06,0.36,0.12,74,51,6
"Longoria, Evan",-36.5,-20.1,0.26,0.14,0.40,0.17,299,190,32
"Lopez, Irving",-27.3,-24.9,0.38,0.09,0.50,0.15,25,13,2
"Lopez, Nicky",-28.6,-29.1,0.20,0.21,0.20,0.15,384,250,38
"Lowe, Brandon",-36.9,-17.7,0.27,0.21,0.37,0.14,690,432,62
"Lowe, Josh",-36.0,-7.7,0.28,0.25,0.33,0.17,848,483,84
"Lowe, Nathaniel",-30.3,-21.5,0.17,0.16,0.21,0.09,1058,711,65
"Lukes, Nathan",-33.0,-20.0,0.10,0.03,0.20,0.03,51,36,1
"Luplow, Jordan",-31.0,-30.9,0.33,0.30,0.33,0.24,149,103,25
"Machado, Manny",-24.1,-16.7,0.20,0.16,0.26,0.13,857,559,70
"Madrigal, Nick",-26.7,-7.1,0.07,0.04,0.13,0.01,411,251,3
"Madris, Bligh",-34.8,-11.2,0.27,0.03,0.43,0.20,60,41,8
"Maile, Luke",-34.3,-21.6,0.21,0.15,0.32,0.13,283,208,26
"Maldonado, Martin",-31.2,-20.6,0.33,0.29,0.40,0.24,621,413,98
"Mancini, Trey",-33.8,-20.4,0.31,0.21,0.44,0.22,362,231,50
"Marcano, Tucupita",-33.0,-20.0,0.16,0.09,0.24,0.08,312,204,16
"Margot, Manuel",-27.2,-10.2,0.22,0.15,0.28,0.15,458,298,45
"Marisnick, Jake",-36.4,-7.7,0.22,0.12,0.37,0.13,133,78,10
"Marlowe, Cade",-41.5,-16.8,0.29,0.30,0.33,0.23,208,132,30
"Marsh, Brandon",-41.5,-12.4,0.25,0.19,0.40,0.15,643,417,61
"Marte, Ketel",-32.4,-8.6,0.19,0.11,0.27,0.12,907,610,73
"Marte, Noelvi",-30.7,-8.5,0.24,0.16,0.26,0.14,183,120,17
"Marte, Starling",-35.5,-11.2,0.25,0.14,0.37,0.12,468,291,36
"Martinez, J.D.",-39.0,-15.8,0.32,0.20,0.43,0.18,816,494,91
"Martinez, J.P.",-28.3,-16.6,0.28,0.29,0.50,0.21,83,56,12
"Martini, Nick",-32.8,-18.0,0.18,0.16,0.25,0.11,128,90,10
"Massey, Michael",-35.6,-14.6,0.19,0.15,0.22,0.11,742,469,52
"Mastrobuoni, Miles",-33.2,-15.1,0.15,0.11,0.14,0.10,186,111,11
"Mateo, Jorge",-29.5,-3.0,0.27,0.16,0.36,0.14,494,300,42
"Mathias, Mark",-33.2,-24.9,0.23,0.26,0.20,0.17,62,42,7
"Maton, Nick",-39.0,-15.0,0.28,0.12,0.39,0.22,361,247,54
"Mauricio, Ronny",-25.7,-11.0,0.29,0.23,0.44,0.21,183,89,19
"McCann, James",-37.0,-12.8,0.30,0.21,0.39,0.16,349,209,33
"McCarthy, Jake",-34.9,-13.2,0.21,0.12,0.31,0.11,468,296,32
"McCormick, Chas",-39.7,-29.3,0.28,0.21,0.34,0.20,745,466,91
"McCutchen, Andrew",-35.5,-21.1,0.25,0.18,0.34,0.17,657,471,79
"McGuire, Reese",-32.6,-12.1,0.22,0.18,0.29,0.12,298,168,20
"McKenna, Ryan",-30.9,-14.7,0.36,0.25,0.34,0.20,208,131,26
"McKinney, Billy",-36.8,-14.7,0.27,0.19,0.38,0.17,248,172,29
"McKinstry, Zach",-39.0,-10.0,0.18,0.12,0.25,0.10,761,519,54
"McLain, Matt",-33.6,-21.9,0.25,0.16,0.35,0.14,660,441,63
"McMahon, Ryan",-38.2,-17.1,0.30,0.27,0.38,0.23,1024,659,149
"McNeil, Jeff",-32.2,-7.5,0.12,0.06,0.22,0.07,949,627,41
"Mead, Curtis",-30.2,-7.3,0.27,0.20,0.30,0.16,147,89,14
"Meadows, Parker",-32.9,-7.0,0.21,0.14,0.35,0.09,215,137,12
"Mejia, Francisco",-30.2,-11.1,0.20,0.20,0.23,0.11,236,114,12
"Melendez, MJ",-31.8,-22.5,0.30,0.28,0.33,0.23,921,614,144
"Mendick, Danny",-28.7,-20.0,0.20,0.10,0.34,0.15,126,88,13
"Meneses, Joey",-34.1,-9.9,0.21,0.13,0.32,0.12,966,590,69
"Mercado, Oscar",-37.9,-9.6,0.22,0.08,0.35,0.15,63,41,6
"Merrifield, Whit",-33.6,-16.7,0.17,0.10,0.26,0.11,963,609,66
"Mervis, Matt",-32.1,-11.2,0.29,0.19,0.39,0.18,195,132,24
"Meyers, Jake",-31.8,-14.2,0.22,0.13,0.34,0.13,497,327,44
"Millas, Drew",-32.1,-7.4,0.19,0.09,0.18,0.13,69,46,6
"Miller, Brad",-28.5,-26.4,0.18,0.14,0.20,0.19,47,32,6
"Miller, Owen",-32.7,-15.8,0.17,0.11,0.24,0.10,448,307,32
"Miranda, Jose",-25.8,-29.3,0.18,0.19,0.17,0.05,96,61,3
"Mitchell, Garrett",-33.9,-22.3,0.22,0.36,0.00,0.14,28,21,3
"Monasterio, Andruw",-34.8,-13.0,0.20,0.15,0.31,0.14,516,368,51
"Moncada, Yoan",-38.8,-9.0,0.28,0.16,0.41,0.17,518,321,54
"Moniak, Mickey",-36.6,-14.3,0.35,0.33,0.42,0.24,680,368,87
"Montero, Elehuris",-35.7,4.1,0.36,0.15,0.48,0.17,487,275,47
"Montes, Coco",-41.1,-13.0,0.26,0.26,0.22,0.16,74,44,7
"Moore, Dylan",-33.3,-14.7,0.32,0.25,0.40,0.24,312,203,48
"Morel, Christopher",-27.4,-26.9,0.35,0.26,0.42,0.23,817,504,115
"Moreno, Gabriel",-35.6,-17.7,0.18,0.14,0.18,0.10,502,334,32
"Motter, Taylor",-28.3,-12.8,0.26,0.19,0.39,0.16,129,83,13
"Mountcastle, Ryan",-38.3,-8.7,0.24,0.19,0.30,0.12,653,397,47
"Moustakas, Mike",-26.8,-12.4,0.24,0.18,0.28,0.16,675,400,64
"Mullins II, Cedric",-28.0,-15.7,0.22,0.18,0.23,0.15,681,435,67
"Muncy, Max",-33.9,-23.2,0.27,0.18,0.40,0.19,785,543,104
"Murphy, Sean",-32.0,-16.1,0.22,0.17,0.29,0.15,633,421,64
"Myers, Dane",-31.6,-18.1,0.25,0.24,0.27,0.22,129,85,19
"Myers, Wil",-26.6,-26.8,0.28,0.13,0.41,0.15,119,71,11
"Narvaez, Omar",-39.5,-10.8,0.14,0.10,0.24,0.10,215,146,15
"Naylor, Bo",-33.0,-13.2,0.18,0.17,0.18,0.11,409,257,28
"Naylor, Josh",-30.4,-9.3,0.18,0.11,0.27,0.08,723,406,34
"Neto, Zach",-36.4,-21.0,0.29,0.19,0.42,0.18,477,300,53
"Nevin, Tyler",-35.4,-19.5,0.23,0.16,0.28,0.19,109,73,14
"Newman, Kevin",-34.6,-9.8,0.13,0.08,0.24,0.07,296,202,14
"Nido, Tomas",-33.4,-23.8,0.34,0.10,0.50,0.14,52,28,4
"Nimmo, Brandon",-27.8,-12.7,0.19,0.13,0.27,0.12,979,707,84
"Noda, Ryan",-35.3,-23.1,0.33,0.28,0.40,0.23,731,496,112
"Nola, Austin",-27.6,-11.9,0.10,0.07,0.14,0.03,134,100,3
"Nootbaar, Lars",-29.5,-15.8,0.16,0.10,0.24,0.10,657,465,46
"O'Hearn, Ryan",-33.9,-15.1,0.22,0.16,0.27,0.15,627,384,56
"O'Hoppe, Logan",-31.9,-22.9,0.28,0.14,0.38,0.17,261,172,29
"O'Keefe, Brian",-33.9,-31.7,0.44,0.35,0.50,0.33,40,27,9
"O'Neill, Tyler",-33.9,-16.0,0.22,0.15,0.28,0.11,367,248,28
"Odor, Rougned",-26.4,-14.8,0.24,0.14,0.31,0.14,210,135,19
"Ohtani, Shohei",-35.3,-16.9,0.30,0.22,0.39,0.19,818,499,95
"Olivares, Edward",-28.9,-16.8,0.21,0.15,0.28,0.12,487,319,39
"Olson, Matt",-34.8,-12.9,0.23,0.20,0.29,0.20,1098,732,146
"Ortega, Rafael",-30.9,-11.9,0.21,0.19,0.24,0.17,230,157,27
"Ortiz, Joey",-31.0,-8.8,0.24,0.10,0.56,0.09,34,23,2
"Outman, James",-35.3,-15.3,0.33,0.28,0.41,0.22,879,587,127
"Owings, Chris",-32.1,-14.8,0.35,0.17,0.50,0.25,57,36,9
"Ozuna, Marcell",-36.4,-20.7,0.24,0.15,0.34,0.14,936,622,85
"Pache, Cristian",-30.1,-20.3,0.38,0.28,0.39,0.29,111,78,23
"Palacios, Josh",-29.8,-16.2,0.24,0.16,0.35,0.15,473,323,48
"Palacios, Richie",-25.8,-9.7,0.15,0.12,0.26,0.10,159,121,12
"Paredes, Isaac",-32.6,-11.3,0.18,0.08,0.27,0.10,853,547,56
"Paris, Kyren",-32.5,-8.1,0.34,0.11,0.39,0.23,92,66,15
"Pasquantino, Vinnie",-32.8,-4.8,0.13,0.11,0.15,0.06,289,163,9
"Pederson, Joc",-29.1,-10.8,0.22,0.16,0.29,0.15,779,472,70
"Peguero, Liover",-26.9,-2.8,0.27,0.13,0.48,0.18,386,246,45
"Pena, Jeremy",-33.1,-14.0,0.25,0.10,0.35,0.12,908,554,65
"Peralta, David",-32.5,-8.0,0.21,0.14,0.30,0.12,685,428,51
"Peraza, Oswald",-26.9,-11.0,0.32,0.20,0.40,0.23,282,185,42
"Perdomo, Geraldo",-33.2,-9.8,0.13,0.08,0.23,0.09,685,473,42
"Pereira, Everson",-30.7,-26.8,0.42,0.34,0.46,0.28,189,129,36
"Perez, Carlos",-31.5,-8.2,0.18,0.08,0.26,0.09,333,204,18
"Perez, Roberto",-28.1,-19.4,0.29,0.26,0.31,0.26,38,23,6
"Perez, Salvador",-34.6,-16.4,0.28,0.19,0.36,0.16,949,492,81
"Perkins, Blake",-29.7,-10.1,0.20,0.21,0.20,0.15,229,152,23
"Peterson, Jace",-32.8,-9.3,0.23,0.14,0.31,0.14,592,400,55
"Pham, Tommy",-28.2,-13.9,0.22,0.11,0.27,0.12,659,460,56
"Phillips, Brett",-36.7,-22.6,0.38,0.36,0.53,0.27,120,85,23
"Pillar, Kevin",-33.8,-12.6,0.24,0.17,0.26,0.13,301,177,23
"Pina, Manny",-34.6,-15.0,0.13,0.09,0.17,0.00,27,19,0
"Pinto, Rene",-30.5,-19.4,0.33,0.41,0.25,0.26,202,147,38
"Polanco, Jorge",-37.1,-10.0,0.24,0.16,0.26,0.14,557,343,48
"Pollock IV, AJ",-29.0,-21.7,0.22,0.19,0.25,0.12,211,130,15
"Porter, Logan",-30.2,-21.3,0.31,0.20,0.57,0.11,30,19,2
"Pratto, Nick",-41.0,-6.4,0.32,0.20,0.50,0.16,509,317,51
"Profar, Jurickson",-31.7,-13.9,0.16,0.09,0.25,0.09,747,512,45
"Querecuto, Juniel",-37.5,-6.9,0.33,0.11,0.71,0.22,30,18,4
"Rafaela, Ceddanne",-30.8,-20.6,0.29,0.23,0.31,0.23,159,98,23
"Raleigh, Cal",-31.7,-20.5,0.27,0.19,0.35,0.16,940,580,95
"Raley, Luke",-28.8,-20.0,0.35,0.25,0.46,0.19,640,371,72
"Ramirez, Harold",-34.4,-3.3,0.26,0.20,0.34,0.15,721,373,56
"Ramirez, Jose",-29.1,-8.9,0.15,0.08,0.19,0.07,921,566,41
"Ramos, Henry",-34.4,-12.2,0.29,0.25,0.38,0.14,111,59,8
"Realmuto, J.T.",-38.5,-21.7,0.25,0.20,0.30,0.16,826,524,85
"Refsnyder, Rob",-34.5,-24.0,0.20,0.17,0.27,0.16,318,229,36
"Remillard, Zach",-29.8,-12.9,0.30,0.24,0.38,0.19,239,163,31
"Rendon, Anthony",-35.2,-8.3,0.17,0.12,0.19,0.10,178,125,13
"Renfroe, Hunter",-24.7,-10.2,0.25,0.15,0.35,0.16,856,507,82
"Rengifo, Luis",-30.4,-19.8,0.23,0.15,0.33,0.12,665,420,50
"Reyes, Franmil",-29.4,-27.1,0.18,0.07,0.31,0.09,33,23,2
"Reyes, Pablo",-27.0,-18.1,0.14,0.12,0.09,0.10,282,192,19
"Reynolds, Bryan",-39.4,-17.2,0.25,0.15,0.40,0.13,954,627,83
"Riley, Austin",-34.5,-11.9,0.25,0.21,0.35,0.18,1089,708,125
"Rios, Edwin",-41.0,-18.5,0.36,0.13,0.83,0.24,36,21,5
"Rivas, Alfonso",-40.8,-7.3,0.26,0.22,0.31,0.14,228,155,22
"Rivera, Emmanuel",-35.0,-13.0,0.24,0.16,0.35,0.13,463,299,40
"Rizzo, Anthony",-34.5,-16.0,0.24,0.18,0.31,0.12,560,330,41
"Robert, Luis",-36.6,-11.5,0.33,0.27,0.36,0.17,942,542,94
"Robles, Victor",-35.9,-17.3,0.18,0.08,0.23,0.09,87,65,6
"Rocchio, Brayan",-28.9,-17.3,0.28,0.13,0.47,0.14,132,77,11
"Rodgers, Brendan",-28.9,-12.6,0.23,0.13,0.33,0.12,301,201,24
"Rodriguez, Endy",-33.2,-10.9,0.21,0.16,0.31,0.11,334,206,22
"Rodriguez, Julio",-32.2,-12.3,0.26,0.16,0.34,0.13,1122,684,87
"Rogers, Jake",-31.7,-30.8,0.31,0.26,0.38,0.23,520,368,84
"Rojas, Johan",-22.5,-11.5,0.25,0.18,0.42,0.12,304,176,21
"Rojas, Josh",-33.6,-12.5,0.21,0.19,0.26,0.14,456,306,43
"Rojas, Miguel",-32.9,-7.3,0.14,0.05,0.25,0.07,618,392,26
"Rooker, Brent",-37.8,-13.6,0.34,0.21,0.52,0.19,798,481,91
"Rortvedt, Ben",-30.3,-23.0,0.26,0.19,0.42,0.15,130,88,13
"Rosario, Amed",-28.6,-8.9,0.20,0.16,0.28,0.10,796,458,47
"Rosario, Eddie",-31.0,-22.2,0.28,0.26,0.32,0.20,862,477,97
"Rosario, Eguy",-30.2,4.0,0.28,0.21,0.36,0.16,67,43,7
"Ruf, Darin",-33.5,-18.4,0.26,0.11,0.47,0.15,91,67,10
"Ruiz, Esteury",-35.0,-9.1,0.22,0.14,0.30,0.12,683,424,51
"Ruiz, Keibert",-33.2,-5.6,0.13,0.07,0.17,0.07,752,446,31
"Rutherford, Blake",-31.0,-14.7,0.30,0.17,0.44,0.15,70,39,6
"Rutschman, Adley",-37.5,-12.9,0.13,0.09,0.15,0.08,940,630,52
"Salazar, Cesar",-33.9,-16.7,0.21,0.08,0.00,0.08,24,12,1
"Sanchez, Gary",-28.8,-22.3,0.25,0.16,0.31,0.14,440,274,37
"Sanchez, Jesus",-30.6,-16.4,0.25,0.20,0.34,0.14,653,389,54
"Santana, Carlos",-26.3,-19.0,0.20,0.16,0.28,0.14,873,590,83
"Santander, Anthony",-28.1,-9.9,0.19,0.16,0.20,0.13,1036,599,77
"Schanuel, Nolan",-38.2,-14.7,0.16,0.08,0.14,0.15,189,132,20
"Schneider, Davis",-35.8,-25.5,0.35,0.34,0.33,0.29,239,168,49
"Schoop, Jonathan",-29.2,-8.7,0.24,0.18,0.26,0.18,213,142,26
"Schwarber, Kyle",-27.3,-26.7,0.29,0.22,0.43,0.20,1013,595,118
"Seager, Corey",-35.3,-19.0,0.22,0.16,0.29,0.09,878,583,52
"Segura, Jean",-26.0,-12.3,0.18,0.17,0.21,0.13,470,287,37
"Semien, Marcus",-35.0,-17.0,0.15,0.07,0.22,0.10,1086,802,77
"Senzel, Nick",-33.2,-16.8,0.20,0.13,0.28,0.11,478,329,37
"Sheets, Gavin",-30.4,-5.7,0.18,0.09,0.29,0.13,482,298,38
"Short, Zack",-32.0,-16.8,0.24,0.22,0.27,0.16,380,277,43
"Singleton, Jon",-29.5,-11.5,0.21,0.14,0.36,0.09,167,112,10
"Siri, Jose",-33.5,-18.4,0.38,0.32,0.42,0.24,600,349,85
"Smith, Dominic",-35.3,-15.4,0.16,0.10,0.20,0.10,846,557,58
"Smith, Josh H.",-36.1,-12.3,0.15,0.13,0.23,0.08,323,216,17
"Smith, Kevin",-29.8,-14.5,0.25,0.20,0.30,0.16,146,87,14
"Smith, Pavin",-31.9,-10.4,0.18,0.09,0.22,0.08,304,201,16
"Smith, Will",-34.7,-18.3,0.18,0.16,0.23,0.14,937,623,89
"Soderstrom, Tyler",-31.6,-22.4,0.31,0.19,0.37,0.17,244,156,26
"Solano, Donovan",-37.0,-11.6,0.23,0.15,0.38,0.13,622,392,52
"Sosa, Edmundo",-35.6,-13.6,0.24,0.22,0.29,0.16,528,334,52
"Sosa, Lenyn",-35.4,-18.8,0.20,0.17,0.25,0.13,228,133,17
"Soto, Juan",-24.4,-29.1,0.16,0.11,0.20,0.09,838,587,53
"Springer, George",-31.5,-17.7,0.21,0.13,0.28,0.14,1063,740,103
"Stallings, Jacob",-33.0,-11.1,0.19,0.10,0.27,0.08,383,251,20
"Stanton, Giancarlo",-27.8,-16.7,0.33,0.24,0.41,0.22,629,368,80
"Steer, Spencer",-29.6,-14.1,0.21,0.16,0.27,0.14,966,655,93
"Stefanic, Michael",-31.2,-6.3,0.06,0.02,0.10,0.03,94,65,2
"Stephenson, Tyler",-38.0,-20.6,0.26,0.17,0.38,0.15,647,445,66
"Stevenson, Andrew",-32.7,-11.3,0.23,0.18,0.35,0.10,63,41,4
"Stewart, DJ",-26.4,-20.2,0.34,0.30,0.29,0.27,355,236,63
"Story, Trevor",-33.2,-15.1,0.29,0.19,0.44,0.18,291,182,33
"Stott, Bryson",-31.3,-16.6,0.14,0.11,0.19,0.09,913,587,52
"Stowers, Kyle",-35.8,-19.3,0.27,0.19,0.50,0.17,49,30,5
"Straw, Myles",-33.3,-5.5,0.12,0.09,0.19,0.08,658,460,38
"Stubbs, Garrett",-25.2,-14.7,0.20,0.10,0.37,0.10,195,124,12
"Suarez, Eugenio",-39.3,-23.6,0.29,0.23,0.38,0.19,1109,735,138
"Sullivan, Brett",-31.5,-3.4,0.18,0.17,0.25,0.10,122,79,8
"Suwinski, Jack",-35.4,-13.9,0.28,0.20,0.39,0.17,740,487,81
"Suzuki, Seiya",-30.9,-9.4,0.19,0.15,0.25,0.14,868,629,90
"Swanson, Dansby",-35.8,-23.8,0.27,0.21,0.32,0.19,966,642,123
"Tapia, Raimel",-38.4,-5.1,0.25,0.21,0.32,0.18,257,130,24
"Tatis, Fernando",-30.5,-23.7,0.28,0.23,0.33,0.19,1156,697,130
"Tauchman, Mike",-33.8,-11.6,0.21,0.18,0.19,0.15,638,452,68
"Taveras, Leody",-31.5,-3.9,0.22,0.15,0.30,0.14,896,569,81
"Taylor, Chris",-39.8,-20.4,0.33,0.25,0.38,0.26,637,444,115
"Taylor, Michael A.",-32.6,-22.4,0.32,0.24,0.40,0.18,524,309,57
"Taylor, Samad",-36.5,-21.9,0.33,0.16,0.46,0.26,152,88,23
"Taylor, Tyrone",-34.6,-15.1,0.23,0.16,0.28,0.13,447,296,39
"Tellez, Rowdy",-28.6,-3.8,0.17,0.08,0.23,0.10,413,256,25
"Tena, Jose",-33.8,-13.2,0.27,0.11,0.44,0.16,64,49,8
"Thaiss, Matt",-29.5,-22.7,0.30,0.32,0.27,0.25,493,357,88
"Thomas, Alek",-27.6,-18.4,0.22,0.15,0.29,0.10,567,328,32
"Thomas, Cody",-36.3,-16.5,0.36,0.29,0.33,0.27,99,51,14
"Thomas, Lane",-28.7,-18.2,0.19,0.10,0.29,0.10,940,635,62
"Thompson, Bubba",-22.7,-27.1,0.38,0.35,0.35,0.28,54,32,9
"Thompson, Trayce",-39.9,-24.9,0.40,0.37,0.42,0.31,221,150,46
"Toglia, Michael",-35.2,-12.8,0.36,0.20,0.56,0.16,294,178,28
"Torkelson, Spencer",-31.6,-13.1,0.22,0.15,0.28,0.13,985,675,89
"Toro-Hernandez, Abraham",-32.9,-10.5,0.32,0.43,0.17,0.14,22,14,2
"Torrens, Luis",-30.7,-21.4,0.14,0.00,0.36,0.05,30,21,1
"Torres, Gleyber",-35.0,-22.5,0.18,0.15,0.21,0.14,1060,672,97
"Tovar, Ezequiel",-36.8,-9.3,0.29,0.22,0.35,0.17,1097,653,112
"Trammell, Taylor",-30.9,-11.7,0.38,0.33,0.43,0.27,98,64,17
"Trejo, Alan",-35.8,-18.3,0.20,0.11,0.26,0.11,323,201,22
"Trevino, Jose",-24.0,-24.9,0.15,0.08,0.23,0.10,154,83,8
"Triolo, Jared",-40.2,-11.7,0.30,0.17,0.42,0.17,339,219,38
"Trout, Mike",-37.6,-11.6,0.25,0.21,0.36,0.17,450,320,54
"Tucker, Kyle",-38.0,-3.3,0.17,0.11,0.24,0.11,940,658,72
"Turang, Brice",-29.4,-10.5,0.16,0.16,0.20,0.12,693,458,56
"Turner, Justin",-35.6,-16.6,0.14,0.10,0.21,0.08,935,586,47
"Turner, Trea",-29.8,-21.3,0.28,0.14,0.42,0.16,1174,727,118
"Urias, Luis",-32.5,-35.9,0.24,0.21,0.21,0.14,269,177,24
"Urias, Ramon",-26.4,-28.5,0.24,0.21,0.23,0.15,540,362,53
"Urshela, Gio",-34.8,-15.3,0.15,0.12,0.19,0.08,283,170,14
"Valdez, Enmanuel",-29.4,-20.5,0.23,0.19,0.26,0.15,211,128,19
"Vargas, Ildemaro",-24.2,-12.9,0.10,0.08,0.17,0.05,424,275,14
"Vargas, Miguel",-36.1,-14.2,0.19,0.17,0.24,0.13,405,289,38
"Varsho, Daulton",-28.3,-14.6,0.21,0.19,0.24,0.14,887,591,80
"Vaughn, Andrew",-29.9,-12.8,0.21,0.10,0.34,0.11,854,513,55
"Vavra, Terrin",-40.0,-23.6,0.23,0.21,0.31,0.18,57,44,8
"Vazquez, Christian",-30.0,-24.0,0.24,0.23,0.30,0.18,490,289,53
"Velazquez, Andrew",-32.4,-25.5,0.32,0.28,0.37,0.25,200,132,33
"Velazquez, Nelson",-31.8,-21.7,0.33,0.15,0.46,0.24,254,178,43
"Verdugo, Alex",-30.2,-9.9,0.14,0.08,0.27,0.06,764,508,29
"Vientos, Mark",-33.4,-30.2,0.32,0.25,0.35,0.23,393,228,52
"Vierling, Matt",-29.4,-10.1,0.16,0.12,0.23,0.10,733,468,46
"Vogelbach, Daniel",-35.1,-16.9,0.20,0.13,0.28,0.10,424,284,29
"Voit, Luke",-39.1,-30.8,0.45,0.27,0.36,0.34,51,32,11
"Volpe, Anthony",-33.2,-20.5,0.25,0.18,0.33,0.16,905,597,95
"Votto, Joey",-40.6,-29.3,0.29,0.19,0.40,0.22,461,312,68
"Wade, Tyler",-35.7,-2.3,0.17,0.15,0.26,0.11,66,47,5
"Walker, Christian",-30.9,-10.6,0.24,0.16,0.33,0.15,1066,711,104
"Walker, Jordan",-36.9,-0.5,0.27,0.15,0.36,0.15,666,396,61
"Wallach, Chad",-30.6,-19.8,0.33,0.24,0.37,0.19,298,194,37
"Wallner, Matt",-35.6,-18.9,0.34,0.31,0.39,0.25,466,295,75
"Walls, Taylor",-33.3,-17.8,0.25,0.21,0.28,0.17,448,319,54
"Walsh, Jared",-31.8,-26.0,0.45,0.40,0.59,0.32,171,99,32
"Ward, Taylor",-30.4,-10.8,0.19,0.13,0.27,0.10,473,340,33
"Waters, Drew",-42.4,-16.3,0.30,0.20,0.40,0.21,601,367,76
"Wells, Austin",-36.7,-14.5,0.29,0.09,0.47,0.17,145,86,15
"Wendle, Joey",-26.6,-8.7,0.22,0.12,0.31,0.12,512,299,37
"Westburg, Jordan",-31.7,-18.5,0.24,0.17,0.27,0.17,401,260,44
"Wiemer, Joey",-22.5,-17.7,0.31,0.23,0.37,0.20,614,354,72
"Williams, Alika",-35.6,-9.8,0.30,0.18,0.42,0.16,229,144,23
"Wilson, Weston",-38.1,-23.5,0.32,0.20,0.57,0.27,32,26,7
"Winker, Jesse",-32.7,-24.1,0.22,0.17,0.25,0.15,266,188,28
"Winn, Masyn",-29.1,-13.5,0.19,0.09,0.19,0.13,196,130,17
"Wisdom, Patrick",-32.2,-21.8,0.30,0.27,0.35,0.21,418,290,61
"Witt Jr, Bobby",-30.8,-9.2,0.22,0.17,0.29,0.14,1013,655,94
"Wong, Connor",-34.2,-23.7,0.29,0.23,0.43,0.18,671,418,76
"Wong, Kolten",-30.7,-11.1,0.19,0.13,0.24,0.10,354,233,24
"Wynns, Austin",-36.6,-15.6,0.25,0.16,0.42,0.19,235,157,30
"Yelich, Christian",-36.8,-18.4,0.23,0.14,0.35,0.14,907,605,82
"Yepez, Juan",-34.1,-14.0,0.22,0.21,0.30,0.09,110,64,6
"Yoshida, Masataka",-30.1,-10.6,0.16,0.08,0.26,0.10,740,472,47
"Young, Jacob",-31.4,-21.2,0.19,0.09,0.27,0.08,207,129,10
"Young, Jared",-30.5,-18.5,0.30,0.32,0.38,0.25,79,55,14
"Zavala, Seby",-38.9,-20.8,0.32,0.24,0.41,0.19,321,200,38
"Zunino, Mike",-34.8,-25.4,0.39,0.30,0.49,0.25,174,102,25