game_date,current_org,current_team,player,swings,VSA,SBA,BatSpeed,AttackAngle,ContactAngle,SwM_Perc,IZ_SwM_Perc,FB_SwM_Perc,BB_SwM_Perc
4/16/2024,San Francisco Giants,San Francisco,"Ahmed, Nick",9,-29.49,-18.63,58.47,6.02,14.19,14.29,0,0,0
4/16/2024,San Francisco Giants,San Jose,"Ahuna, Walter",7,-44.23,-7.87,68.56,0.13,0.36,14.29,16.67,0,50
4/16/2024,San Francisco Giants,San Francisco,"Bailey, Patrick",3,-29.86,-6.94,67.11,-4.44,-8.82,0,0,0,
4/16/2024,San Francisco Giants,Richmond,"Bericoto, Victor",12,-33.07,-11.03,72.41,4.65,9.8,16.67,11.11,28.57,0
4/16/2024,San Francisco Giants,Richmond,"Bishop, Hunter",8,-25.21,-8.77,80.44,9.82,24.63,50,33.33,33.33,100
4/16/2024,San Francisco Giants,Richmond,"Brown, Vaun",7,-16.89,-34.58,47.55,-5.55,-3.8,60,66.67,66.67,0
4/16/2024,San Francisco Giants,San Francisco,"Chapman, Matt",5,-29.03,-3.99,65.96,-3.1,-2.92,0,0,0,0
4/16/2024,San Francisco Giants,San Francisco,"Conforto, Michael",6,-28.84,-17.94,71.31,12.8,28.94,50,25,0,66.67
4/16/2024,San Francisco Giants,San Jose,"Cox, Jonah",8,-35.47,-11.59,57.73,-0.29,-0.19,14.29,0,0,20
4/16/2024,San Francisco Giants,San Jose,"Davidson, Chanteyon",5,-37.82,-15.83,69.29,11.51,18.82,20,0,0,33.33
4/16/2024,San Francisco Giants,San Francisco,"Estrada, Thairo",2,-27.52,-7.5,65.97,3.4,8.45,50,,100,0
4/16/2024,San Francisco Giants,San Francisco,"Fitzgerald, Tyler",10,-40.47,-10.85,64.99,8.58,17.81,44.44,44.44,0,25
4/16/2024,San Francisco Giants,San Francisco,"Flores, Wilmer",8,-30.74,-6.55,60.83,2.54,4.92,0,0,0,0
4/16/2024,San Francisco Giants,San Jose,"Foster, Cole",10,-45.17,-4.96,66.17,0.16,-11.54,33.33,0,0,60
4/16/2024,San Francisco Giants,Richmond,"Glowenke, Jimmy",6,-26.85,-19.95,69.16,9.77,25.41,33.33,20,25,50
4/16/2024,San Francisco Giants,San Francisco,"Lee, Jung-Hoo",6,-31.56,2.27,67.06,3.52,7.22,16.67,0,0,25
4/16/2024,San Francisco Giants,Richmond,"McCray, Grant",9,-25.35,-3.22,258.54,-10.1,23.08,71.43,60,60,
4/16/2024,San Francisco Giants,San Francisco,"Murphy, Tom",5,-31.89,-12.89,70.84,9.87,19.66,100,100,100,100
4/16/2024,San Francisco Giants,San Jose,"Quintas, Cesar",9,-38.65,-5.85,65.02,0.25,-0.58,22.22,0,50,16.67
4/16/2024,San Francisco Giants,San Jose,"Rayo, Elian",7,-32.5,-17.27,66.48,9.07,19.2,42.86,0,0,75
4/16/2024,San Francisco Giants,San Jose,"Shliger, Lucas",7,-40.82,-6.71,58.78,4.4,7.73,66.67,33.33,0,75
4/16/2024,San Francisco Giants,San Jose,"Sio, Jean Carlos",10,-34.63,-0.84,63.33,1.25,1.74,44.44,25,50,40
4/16/2024,San Francisco Giants,San Francisco,"Slater, Austin",5,-36.3,-17.36,72.63,3.44,9.4,0,0,0,0
4/16/2024,San Francisco Giants,San Francisco,"Soler, Jorge",12,-33.73,-6.1,71.94,8.16,16.37,58.33,44.44,50,66.67
4/16/2024,San Francisco Giants,Richmond,"Thomas, Andy",3,-30.81,-13.78,70.66,8.68,16.76,0,0,0,
4/16/2024,San Francisco Giants,Richmond,"Toribio, Luis",5,-14.57,-10.23,58.04,-9.68,-14.25,40,0,33.33,0
4/16/2024,San Francisco Giants,San Francisco,"Wade, LaMonte",1,-35.01,-7.38,68.08,-7.01,-12.29,0,0,,0
4/16/2024,San Francisco Giants,San Jose,"Williamson, Guillermo",4,-29.11,-18.5,60.58,14.75,30.69,75,0,0,100
4/16/2024,San Francisco Giants,Richmond,"Wilson, Will",8,-21.86,-23.26,68.12,10.55,24.5,37.5,0,0,100
4/16/2024,San Francisco Giants,Richmond,"Wyatt, Logan",3,-15.36,31.69,1.42,-4.66,92.78,0,0,0,
4/15/2024,San Francisco Giants,San Francisco,"Ahmed, Nick",9,-8.03,-15.49,53.41,6.33,52.33,28.57,0,0,66.67
4/15/2024,San Francisco Giants,San Francisco,"Bailey, Patrick",6,-35.8,-5.91,65.85,6.2,12.04,33.33,0,,0
4/15/2024,San Francisco Giants,San Francisco,"Chapman, Matt",13,-29.4,-10.37,67.61,5.04,17.36,33.33,0,0,50
4/15/2024,San Francisco Giants,San Francisco,"Conforto, Michael",9,-28.97,-14.69,71.95,9.24,19.87,22.22,20,0,20
4/15/2024,San Francisco Giants,San Francisco,"Estrada, Thairo",8,-28.26,-16.24,61.68,10.67,24.15,25,20,50,20
4/15/2024,San Francisco Giants,San Francisco,"Flores, Wilmer",2,-33.12,-9.15,63.34,15.61,28.64,0,0,0,0
4/15/2024,San Francisco Giants,San Francisco,"Lee, Jung-Hoo",10,-34.69,1.18,69.23,0.83,1.39,0,0,0,0
4/15/2024,San Francisco Giants,San Francisco,"Soler, Jorge",6,-29.35,-14.19,70.72,14.48,33.71,83.33,100,66.67,100
4/15/2024,San Francisco Giants,San Francisco,"Wade, LaMonte",6,-32.41,-9.19,65.84,11.47,21.72,50,0,,100
4/15/2024,San Francisco Giants,San Francisco,"Yastrzemski, Mike",3,-30.93,-21.6,70.72,17.5,37.14,0,0,0,
4/14/2024,San Francisco Giants,Richmond,"Bericoto, Victor",10,-28.97,-21.2,68.53,6.32,16.82,40,50,42.86,0
4/14/2024,San Francisco Giants,Richmond,"Bishop, Hunter",12,-25.21,-22.57,63.19,2.19,8.55,30,22.22,33.33,33.33
4/14/2024,San Francisco Giants,San Francisco,"Chapman, Matt",10,-21.91,-24.95,75.58,4.58,19.88,30,0,50,0
4/14/2024,San Francisco Giants,San Francisco,"Conforto, Michael",8,-31.8,-19.36,68.46,8.82,17.64,0,0,0,0
4/14/2024,San Francisco Giants,San Francisco,"Estrada, Thairo",7,-31.51,-11.81,67.07,7.67,17.41,14.29,0,0,50
4/14/2024,San Francisco Giants,San Francisco,"Fitzgerald, Tyler",7,-39.04,-12.23,71.55,10.99,18.22,0,0,0,0
4/14/2024,San Francisco Giants,San Francisco,"Flores, Wilmer",4,-30.81,-7.96,67.68,8.76,21.07,0,0,,0
4/14/2024,San Francisco Giants,Richmond,"Glowenke, Jimmy",8,-26.93,-5.49,58.51,6.84,12.88,12.5,16.67,33.33,0
4/14/2024,San Francisco Giants,Richmond,"Howell, Carter",8,-26.97,-9.66,70.76,4.67,12.29,25,28.57,33.33,20
4/14/2024,San Francisco Giants,San Francisco,"Lee, Jung-Hoo",10,-24.5,2.16,62.24,0.5,22.65,11.11,20,0,25
4/14/2024,San Francisco Giants,Richmond,"McCray, Grant",7,-34.5,-13.7,70.76,10,17.96,28.57,20,0,33.33
4/14/2024,San Francisco Giants,San Francisco,"Murphy, Tom",8,-29.85,-14.74,62.51,4.01,8.91,28.57,25,33.33,0
4/14/2024,San Francisco Giants,San Francisco,"Slater, Austin",3,-38.5,-12.26,79.35,15.07,26.73,0,0,,0
4/14/2024,San Francisco Giants,San Francisco,"Soler, Jorge",11,-28.9,-10.9,70.72,9.37,21.17,30,28.57,50,0
4/14/2024,San Francisco Giants,Richmond,"Sugastey, Adrian",7,-28.72,-6.93,66.15,5.95,13.45,14.29,0,0,16.67
4/14/2024,San Francisco Giants,Richmond,"Thomas, Andy",9,-29.46,-18.33,61.34,-0.7,-10.59,0,0,0,0
4/14/2024,San Francisco Giants,Richmond,"Toribio, Luis",8,-35.39,-15.5,72.27,5.21,10.16,50,20,66.67,66.67
4/14/2024,San Francisco Giants,San Francisco,"Wade, LaMonte",3,-32.63,-12.16,69.04,0.09,0.03,33.33,33.33,50,0
4/14/2024,San Francisco Giants,Richmond,"Wilson, Will",8,-21.64,-12.19,44.35,-4.35,6.95,20,0,0,25
4/13/2024,San Francisco Giants,San Francisco,"Ahmed, Nick",5,-22.77,-25.39,63.92,6.77,18.48,40,0,33.33,100
4/13/2024,San Francisco Giants,Richmond,"Auerbach, Brett",4,-13.09,1.58,67.64,4.86,16.07,25,0,0,50
4/13/2024,San Francisco Giants,San Francisco,"Bailey, Patrick",10,-32.93,-14.02,71.24,15.12,31.09,30,20,0,0
4/13/2024,San Francisco Giants,Richmond,"Bishop, Hunter",9,-30.38,-8.54,56.57,0.45,-8.69,57.14,0,0,50
4/13/2024,San Francisco Giants,Richmond,"Brown, Vaun",8,-36.5,-18.44,80.56,11.46,21.98,75,75,83.33,100
4/13/2024,San Francisco Giants,San Francisco,"Chapman, Matt",12,-21.26,-15.67,69.28,-0.08,0.07,18.18,22.22,20,0
4/13/2024,San Francisco Giants,San Francisco,"Conforto, Michael",10,-36.13,-23.47,55.43,2.23,11.7,22.22,0,0,
4/13/2024,San Francisco Giants,Richmond,"Dues, Damon",3,-42.89,4.35,61.28,-9.91,-15.24,0,0,0,0
4/13/2024,San Francisco Giants,San Francisco,"Estrada, Thairo",9,-24.92,-23.73,70.2,11.95,33.18,0,0,0,0
4/13/2024,San Francisco Giants,San Francisco,"Fitzgerald, Tyler",4,-31.57,-18.23,71.16,15.4,30.99,0,0,0,
4/13/2024,San Francisco Giants,Richmond,"Glowenke, Jimmy",10,-28.09,-29.28,50.21,1.83,-19.18,42.86,50,50,
4/13/2024,San Francisco Giants,Richmond,"Howell, Carter",4,-25.76,2.98,49.77,-1.37,-3.22,0,0,0,
4/13/2024,San Francisco Giants,San Francisco,"Lee, Jung-Hoo",7,-32.82,-2.14,69.81,1.92,4.65,28.57,50,33.33,
4/13/2024,San Francisco Giants,Richmond,"McCray, Grant",8,-30.34,15.47,99.79,0.16,-1.69,28.57,28.57,16.67,100
4/13/2024,San Francisco Giants,San Francisco,"Murphy, Tom",1,-40.03,-12.67,71.26,29.49,49.94,100,100,100,
4/13/2024,San Francisco Giants,San Francisco,"Slater, Austin",1,-36.43,-26.51,77.99,12.96,22.18,0,0,0,
4/13/2024,San Francisco Giants,San Francisco,"Soler, Jorge",8,-28.58,-14.05,75.26,14.1,31.1,50,40,50,100
4/13/2024,San Francisco Giants,Richmond,"Thomas, Andy",10,-34.09,-2.14,57.3,5.39,-7.44,37.5,20,16.67,100
4/13/2024,San Francisco Giants,San Francisco,"Wade, LaMonte",10,-33.89,-0.6,68.13,2.61,4.79,10,0,0,0
4/13/2024,San Francisco Giants,Richmond,"Wyatt, Logan",7,-47.23,-0.78,31.01,-7.39,73.62,33.33,0,0,50
4/13/2024,San Francisco Giants,San Francisco,"Yastrzemski, Mike",9,-27.74,-30.59,67.24,12.07,32.33,25,0,33.33,0
4/12/2024,San Francisco Giants,San Francisco,"Ahmed, Nick",9,-21.43,-29.46,62.21,9.15,31.27,50,66.67,33.33,60
4/12/2024,San Francisco Giants,Richmond,"Auerbach, Brett",6,-19.77,-13.6,64.79,0.95,2.82,0,0,0,0
4/12/2024,San Francisco Giants,San Francisco,"Bailey, Patrick",8,-31.37,-9.49,66.22,6.16,12.53,12.5,0,0,0
4/12/2024,San Francisco Giants,Richmond,"Bericoto, Victor",9,-32.36,-13.56,56.05,3.65,12.12,57.14,0,50,33.33
4/12/2024,San Francisco Giants,Richmond,"Bishop, Hunter",13,-30.98,0.87,65.02,-1.61,5.2,40,14.29,0,60
4/12/2024,San Francisco Giants,San Francisco,"Chapman, Matt",9,-19.26,-23.82,71.48,0.36,8.28,44.44,25,50,33.33
4/12/2024,San Francisco Giants,San Francisco,"Conforto, Michael",5,-27.56,-24.23,69.12,3.88,8.14,60,33.33,33.33,100
4/12/2024,San Francisco Giants,Richmond,"Dues, Damon",6,-42.38,5.52,56.82,-18.33,-28.62,0,0,0,
4/12/2024,San Francisco Giants,San Francisco,"Estrada, Thairo",9,-28.64,-3.82,60.46,4.98,11.56,37.5,25,0,60
4/12/2024,San Francisco Giants,San Francisco,"Flores, Wilmer",2,-34.25,-3.43,42.49,12.54,21.75,100,,,100
4/12/2024,San Francisco Giants,San Francisco,"Lee, Jung-Hoo",10,-35.74,-3.77,68.36,-0.74,0,10,14.29,16.67,0
4/12/2024,San Francisco Giants,Sacramento,"Luciano, Marco",10,-32.39,-20.63,69.26,11.62,22.44,70,50,66.67,75
4/12/2024,San Francisco Giants,Sacramento,"Matos, Luis",7,-28.2,-5.06,66.04,-6.58,3.62,0,0,0,0
4/12/2024,San Francisco Giants,Richmond,"McCray, Grant",6,-31.69,-11.55,80.05,13.5,27.71,66.67,33.33,50,100
4/12/2024,San Francisco Giants,Sacramento,"Munguia, Ismael",3,-21.68,-16.15,67.22,8.73,24.62,0,0,0,0
4/12/2024,San Francisco Giants,Sacramento,"Pinder, Chase",10,-35.76,-6.84,67.74,9.77,16.92,30,25,0,16.67
4/12/2024,San Francisco Giants,Sacramento,"Ramos, Heliot",7,-28.79,-10.55,75.79,5.62,13.2,28.57,20,0,50
4/12/2024,San Francisco Giants,Sacramento,"Reetz, Jakson",11,-39.13,-3.37,66.48,5.75,10.93,54.55,66.67,66.67,40
4/12/2024,San Francisco Giants,Sacramento,"Sabol, Blake",12,-30.1,-13.22,70.28,6.46,14.95,45.45,42.86,0,66.67
4/12/2024,San Francisco Giants,Sacramento,"Schmitt, Casey",7,-32.83,-2.8,65.84,2.26,4.89,14.29,0,0,50
4/12/2024,San Francisco Giants,San Francisco,"Slater, Austin",2,-38.65,-10.78,68.8,-1.26,-2.05,0,0,0,
4/12/2024,San Francisco Giants,San Francisco,"Soler, Jorge",5,-28.64,-15.77,70.22,4.62,7.76,40,25,33.33,50
4/12/2024,San Francisco Giants,Richmond,"Sugastey, Adrian",5,-30.16,-6.13,51.73,2.85,6.94,40,0,0,50
4/12/2024,San Francisco Giants,Richmond,"Thomas, Andy",3,-31.27,-7.74,68.15,2.3,4.46,0,0,0,
4/12/2024,San Francisco Giants,Sacramento,"Villar, David",7,-31.12,-25.32,68.99,13.39,30.17,14.29,0,25,0
4/12/2024,San Francisco Giants,San Francisco,"Wade, LaMonte",5,-33.15,-6.58,57.45,-4.23,-7.03,0,0,0,0
4/12/2024,San Francisco Giants,Richmond,"Wilson, Will",3,-26.03,-6.93,52.99,1.6,-2.39,0,0,0,
4/12/2024,San Francisco Giants,Richmond,"Wyatt, Logan",8,-34.77,-9.8,61.18,11.31,-0.16,25,0,0,50
4/12/2024,San Francisco Giants,San Francisco,"Yastrzemski, Mike",6,-11.89,-3.34,56.58,-9.57,-11.98,40,40,0,66.67
4/11/2024,San Francisco Giants,Richmond,"Auerbach, Brett",1,-36.23,2.41,67.62,2.87,4.86,0,,0,
4/11/2024,San Francisco Giants,Richmond,"Bericoto, Victor",4,-31.45,-17.52,72.1,4.38,9.15,75,50,100,0
4/11/2024,San Francisco Giants,Sacramento,"Brooks, Trenton",6,-37.36,-13.34,67.81,7.11,15.33,16.67,20,0,
4/11/2024,San Francisco Giants,Richmond,"Brown, Vaun",1,-36.77,-18.42,74.22,13.79,23.46,0,0,,0
4/11/2024,San Francisco Giants,Richmond,"Glowenke, Jimmy",8,-25.33,-15.31,61.56,7.5,41.67,28.57,25,33.33,0
4/11/2024,San Francisco Giants,Richmond,"Howell, Carter",3,-32.23,-4.29,70.28,-1.76,-3.54,0,0,0,0
4/11/2024,San Francisco Giants,Sacramento,"Luciano, Marco",6,-33.48,-16.33,68.21,0.17,1.45,0,0,0,
4/11/2024,San Francisco Giants,Sacramento,"Matos, Luis",10,-25.64,-2.13,62.5,3.85,7.89,0,0,0,0
4/11/2024,San Francisco Giants,Sacramento,"Pinder, Chase",10,-37.74,-4.17,53.48,-4.47,-7.61,44.44,40,100,20
4/11/2024,San Francisco Giants,Sacramento,"Ramos, Heliot",11,-31.41,-11.43,69.8,1.73,6.04,27.27,0,0,33.33
4/11/2024,San Francisco Giants,Sacramento,"Sabol, Blake",8,-30.88,-12.01,66.5,0.31,2.69,25,16.67,25,0
4/11/2024,San Francisco Giants,Sacramento,"Schmitt, Casey",7,-31.72,-6.09,71.85,-1.62,-1.95,28.57,20,0,0
4/11/2024,San Francisco Giants,Richmond,"Sugastey, Adrian",1,-38.04,-4.64,75.35,-0.79,-1.28,0,0,,0
4/11/2024,San Francisco Giants,Sacramento,"Villar, David",12,-32.43,-21.29,72.86,10.07,20.38,16.67,10,0,22.22
4/11/2024,San Francisco Giants,Richmond,"Wilson, Will",4,-9.29,-6.76,56.61,11.77,42.15,66.67,50,0,100
4/11/2024,San Francisco Giants,Sacramento,"Wisely, Brett",9,-33.7,-4.02,65.71,-4.77,-8.44,12.5,0,0,0
4/11/2024,San Francisco Giants,Richmond,"Wyatt, Logan",5,-36.94,-0.07,45.41,-15.88,-27.69,0,0,,0
4/10/2024,San Francisco Giants,San Francisco,"Ahmed, Nick",5,-26.41,-20.62,70.65,12.6,31.16,20,20,0,50
4/10/2024,San Francisco Giants,Richmond,"Auerbach, Brett",8,-36.69,-2.62,49.27,0.71,45.26,33.33,50,40,0
4/10/2024,San Francisco Giants,Richmond,"Bericoto, Victor",12,-28.49,-18.24,64.2,0.73,4.46,20,14.29,16.67,33.33
4/10/2024,San Francisco Giants,Richmond,"Bishop, Hunter",12,-29.59,-5.99,72.08,4.51,14.69,16.67,12.5,0,20
4/10/2024,San Francisco Giants,Sacramento,"Brooks, Trenton",10,-34.07,-12.6,59.91,4.28,8.66,22.22,50,16.67,0
4/10/2024,San Francisco Giants,Richmond,"Brown, Vaun",10,-34.74,-21.48,72.71,15.71,30.46,70,50,66.67,50
4/10/2024,San Francisco Giants,San Francisco,"Chapman, Matt",5,-24.68,-12.33,76.61,7.85,21.64,0,0,0,0
4/10/2024,San Francisco Giants,San Francisco,"Conforto, Michael",5,-29.93,-25.44,70.57,12.81,28.54,20,20,0,0
4/10/2024,San Francisco Giants,San Francisco,"Estrada, Thairo",5,-29.94,-9.52,75.36,8.76,18.17,0,0,0,0
4/10/2024,San Francisco Giants,San Francisco,"Fitzgerald, Tyler",5,-43.48,-17.1,60.08,-1.68,8.74,0,0,0,0
4/10/2024,San Francisco Giants,San Francisco,"Flores, Wilmer",8,-32.11,-7.09,64.28,7.12,15.97,0,0,0,0
4/10/2024,San Francisco Giants,Richmond,"Glowenke, Jimmy",11,-26.96,-18.14,66.46,12.92,33.34,36.36,33.33,20,50
4/10/2024,San Francisco Giants,Richmond,"Howell, Carter",7,-27.68,-5.24,69.04,6.42,14.83,14.29,16.67,0,50
4/10/2024,San Francisco Giants,Sacramento,"Luciano, Marco",5,-34.52,-9.27,74.92,12.62,25.22,40,33.33,50,33.33
4/10/2024,San Francisco Giants,Sacramento,"Matos, Luis",8,-27.79,4.54,73.84,3.43,9.82,25,16.67,40,0
4/10/2024,San Francisco Giants,Richmond,"McCray, Grant",12,-29.55,-17.35,63.96,0.79,-2.54,36.36,40,28.57,50
4/10/2024,San Francisco Giants,San Francisco,"Murphy, Tom",5,-38.43,-4.77,72.96,1.16,3.35,0,0,0,0
4/10/2024,San Francisco Giants,Sacramento,"Ramos, Heliot",6,-32.85,-11.27,77.96,3.22,6.21,33.33,40,50,0
4/10/2024,San Francisco Giants,Sacramento,"Reetz, Jakson",7,-21.23,-16.36,45.04,6.55,19.27,28.57,20,0,50
4/10/2024,San Francisco Giants,Sacramento,"Schmitt, Casey",4,-34.6,2.49,76,2.18,5.07,0,0,0,0
4/10/2024,San Francisco Giants,San Francisco,"Slater, Austin",7,-39.42,-12.65,72.53,-2.24,-3.54,14.29,16.67,0,33.33
4/10/2024,San Francisco Giants,San Francisco,"Soler, Jorge",9,-34.77,-8.15,75.99,10.07,20.46,11.11,0,0,33.33
4/10/2024,San Francisco Giants,Richmond,"Sugastey, Adrian",10,-31.82,-10.26,65.96,-0.8,2.14,55.56,75,57.14,50
4/10/2024,San Francisco Giants,Sacramento,"Villar, David",8,-36.5,-16.42,72.5,10.83,19.93,0,0,0,0
4/10/2024,San Francisco Giants,San Francisco,"Wade, LaMonte",2,-29.81,-5.7,74.14,20.89,45.83,50,,,50
4/10/2024,San Francisco Giants,Sacramento,"Walton, Donovan",7,-20.42,-0.14,50.81,-18.41,-7.86,0,0,0,0
4/10/2024,San Francisco Giants,Richmond,"Wilson, Will",14,-25.5,-18.5,66.75,3.53,10.11,53.85,37.5,100,60
4/10/2024,San Francisco Giants,Sacramento,"Wisely, Brett",1,-26.58,-13.63,68.21,-1.57,-3.51,100,,100,
4/10/2024,San Francisco Giants,Richmond,"Wyatt, Logan",2,-35.14,-10.02,70.25,9.92,17.22,50,0,0,
4/9/2024,San Francisco Giants,San Francisco,"Ahmed, Nick",6,-26.37,-12.27,62.19,2.25,5.11,33.33,25,20,100
4/9/2024,San Francisco Giants,San Francisco,"Bailey, Patrick",6,-32.23,-12.63,65.83,0.36,1.34,16.67,0,25,
4/9/2024,San Francisco Giants,Richmond,"Bericoto, Victor",5,-30.9,-10.55,87.97,3.31,9.37,20,0,33.33,0
4/9/2024,San Francisco Giants,Richmond,"Bishop, Hunter",6,-28.13,-8.83,83.89,14.21,34,50,25,33.33,66.67
4/9/2024,San Francisco Giants,Sacramento,"Brooks, Trenton",4,-35.53,-23.36,59.28,6.79,11.71,50,0,100,0
4/9/2024,San Francisco Giants,Richmond,"Brown, Vaun",7,-33.53,-15.57,77.93,12.31,23.01,42.86,40,100,33.33
4/9/2024,San Francisco Giants,San Francisco,"Chapman, Matt",12,-26.28,-1.45,73.15,-1.52,-2.78,16.67,11.11,14.29,25
4/9/2024,San Francisco Giants,San Francisco,"Conforto, Michael",10,-29.68,-26.42,64.16,4.69,10.12,10,0,14.29,
4/9/2024,San Francisco Giants,Richmond,"Dues, Damon",2,-49.97,12.6,67.02,-1.88,-2.62,0,,,0
4/9/2024,San Francisco Giants,San Francisco,"Estrada, Thairo",6,-28.16,-15.63,66.06,6.14,17.63,0,0,0,0
4/9/2024,San Francisco Giants,San Francisco,"Flores, Wilmer",6,-36.75,0.16,64.81,4.96,9.86,33.33,0,0,
4/9/2024,San Francisco Giants,Richmond,"Glowenke, Jimmy",6,-23.94,-26.81,74.36,14.06,42.98,33.33,25,0,33.33
4/9/2024,San Francisco Giants,Richmond,"Koss, Christian",3,-17.76,-19.47,69.98,0.2,-2.27,100,100,100,100
4/9/2024,San Francisco Giants,San Francisco,"Lee, Jung-Hoo",9,-38.08,1.79,59.02,-8.12,-9.82,0,0,0,0
4/9/2024,San Francisco Giants,Sacramento,"Luciano, Marco",5,-29.59,-16.06,73.73,8.19,17.3,0,0,0,0
4/9/2024,San Francisco Giants,Sacramento,"Matos, Luis",8,-21.61,-1.59,74.78,2.52,9.64,0,0,0,
4/9/2024,San Francisco Giants,Richmond,"McCray, Grant",9,-19.8,-8.73,64.91,-1.71,22.09,50,33.33,57.14,0
4/9/2024,San Francisco Giants,Sacramento,"Munguia, Ismael",2,-26.39,-20.33,66.07,11.55,25.8,0,0,0,0
4/9/2024,San Francisco Giants,Sacramento,"Pinder, Chase",4,-34.92,-1.39,70.43,3.53,7.04,0,0,0,0
4/9/2024,San Francisco Giants,Sacramento,"Sabol, Blake",7,-31.02,-9.74,67.63,-3.62,-6.56,33.33,33.33,40,
4/9/2024,San Francisco Giants,Sacramento,"Schmitt, Casey",6,-31.96,-3.2,66.82,0.41,2.64,33.33,0,0,100
4/9/2024,San Francisco Giants,San Francisco,"Soler, Jorge",10,-33.3,-3.38,74.36,10.42,19.04,20,0,16.67,0
4/9/2024,San Francisco Giants,Richmond,"Thomas, Andy",9,-30.48,-8.97,66.86,-5.14,-9.75,25,14.29,0,66.67
4/9/2024,San Francisco Giants,Sacramento,"Villar, David",4,-32.52,-21.51,56.99,5.61,10.64,66.67,50,50,100
4/9/2024,San Francisco Giants,San Francisco,"Wade, LaMonte",5,-34.26,-5.82,68.83,3.12,5.6,0,0,0,
4/9/2024,San Francisco Giants,Richmond,"Wilson, Will",6,-20.84,-7.78,91.96,5.62,14.36,33.33,25,0,50
4/9/2024,San Francisco Giants,Sacramento,"Wisely, Brett",4,-32.78,-5.35,74.78,8.56,17.39,0,0,0,0
4/9/2024,San Francisco Giants,Richmond,"Wyatt, Logan",10,-33.12,-13.04,57.53,16.63,21.42,37.5,25,0,100
4/9/2024,San Francisco Giants,San Francisco,"Yastrzemski, Mike",6,-9.87,-14.15,54.79,-3.86,36.34,0,0,0,0
4/8/2024,San Francisco Giants,San Francisco,"Ahmed, Nick",10,-29.32,-11.47,60.51,3.6,7.63,22.22,25,28.57,0
4/8/2024,San Francisco Giants,San Francisco,"Bailey, Patrick",8,-31.71,-11.82,62.79,9.39,18.64,85.71,66.67,50,100
4/8/2024,San Francisco Giants,San Francisco,"Chapman, Matt",11,-24.36,-0.09,78.39,-2.49,-7.29,18.18,12.5,25,0
4/8/2024,San Francisco Giants,San Francisco,"Estrada, Thairo",6,-31.92,-3.98,70.22,5.89,11.98,16.67,0,0,0
4/8/2024,San Francisco Giants,San Francisco,"Flores, Wilmer",8,-34.27,-2.27,65.35,7.93,14.66,12.5,25,0,0
4/8/2024,San Francisco Giants,San Francisco,"Lee, Jung-Hoo",7,-33.1,-1.31,67.08,-0.72,-0.34,0,0,0,0
4/8/2024,San Francisco Giants,San Francisco,"Soler, Jorge",6,-34.24,-6.35,66.04,6.11,14.61,0,0,0,0
4/8/2024,San Francisco Giants,San Francisco,"Wade, LaMonte",9,-31.61,-3.29,70.52,-1.7,-3.63,22.22,14.29,25,
4/8/2024,San Francisco Giants,San Francisco,"Yastrzemski, Mike",6,-34.53,-12.76,70.29,13.92,25.67,50,25,0,60
4/7/2024,San Francisco Giants,San Francisco,"Ahmed, Nick",7,-21.74,-25.57,68.57,8.9,29.71,0,0,0,0
4/7/2024,San Francisco Giants,Richmond,"Auerbach, Brett",1,-25.76,-7.98,69.65,5.69,13.19,0,,,0
4/7/2024,San Francisco Giants,San Francisco,"Bailey, Patrick",8,-33.13,-13.65,69.56,1.38,4.25,0,0,0,
4/7/2024,San Francisco Giants,Eugene,"Bench, Justin",6,-28.64,-12.82,64.51,10.09,21.72,50,50,25,100
4/7/2024,San Francisco Giants,Richmond,"Bericoto, Victor",2,-17.48,-37.62,30.82,-8.16,-36.94,0,,0,
4/7/2024,San Francisco Giants,San Jose,"Cassiani, Estanlin",10,-29.63,10.11,59.67,-10.97,-19.59,10,0,0,25
4/7/2024,San Francisco Giants,San Francisco,"Chapman, Matt",6,-26.82,-6.76,66.7,1.86,7.27,20,20,0,
4/7/2024,San Francisco Giants,San Francisco,"Conforto, Michael",6,-34.88,-17.19,71.06,7.11,13.59,16.67,20,0,
4/7/2024,San Francisco Giants,San Jose,"Cox, Jonah",15,-39.49,-12.64,61.58,-10.21,-13.74,20,20,18.18,25
4/7/2024,San Francisco Giants,San Jose,"Eldridge, Bryson",8,-25.44,3.2,54.59,3.31,-2.65,42.86,0,33.33,50
4/7/2024,San Francisco Giants,San Francisco,"Estrada, Thairo",5,-23.6,-16.81,64.11,14.14,37.98,80,,100,75
4/7/2024,San Francisco Giants,San Francisco,"Flores, Wilmer",1,-29.69,-5.72,69.2,8.68,17.75,0,0,0,
4/7/2024,San Francisco Giants,San Jose,"Foster, Cole",15,-32.86,-2.1,63.44,1.85,4.25,33.33,27.27,25,42.86
4/7/2024,San Francisco Giants,San Jose,"Francisco, Javier",5,-26.75,-21.87,69.73,11.37,26.09,40,40,25,100
4/7/2024,San Francisco Giants,Eugene,"Gavello, Thomas",4,-36.07,-12.39,59.99,8.93,15.95,25,0,0,100
4/7/2024,San Francisco Giants,San Jose,"Hanchey, Ty",5,-29.35,-16.28,58.94,4.4,7.58,25,25,25,
4/7/2024,San Francisco Giants,Eugene,"Higgins, Matt",11,-36.04,-8.03,69.17,12.29,23.04,18.18,10,0,50
4/7/2024,San Francisco Giants,Eugene,"Hill, Turner",4,-35.77,-8.88,74.19,-3.46,-5.02,0,0,0,
4/7/2024,San Francisco Giants,Richmond,"Howell, Carter",1,-17.71,3.78,40.87,-13.98,-52.55,0,,,0
4/7/2024,San Francisco Giants,Eugene,"Kachel, Andrew",5,-30.19,-10.3,65.97,-0.7,-1.68,0,0,0,
4/7/2024,San Francisco Giants,San Francisco,"Lee, Jung-Hoo",5,-39.59,4.33,69.54,-0.48,-0.76,0,0,0,
4/7/2024,San Francisco Giants,San Jose,"Lewis, Nadir",10,-24.16,-17.79,72.89,6.22,16.92,20,14.29,25,0
4/7/2024,San Francisco Giants,Eugene,"O'Tremba, Tanner",3,-33.36,-7.74,69.94,10.06,19.87,0,0,0,0
4/7/2024,San Francisco Giants,Eugene,"Payton, Jack",8,-34.79,-12.54,67.95,5.02,8.96,12.5,0,12.5,
4/7/2024,San Francisco Giants,Eugene,"Perez, Onil",7,-29.93,1.5,69.8,7.09,14.56,28.57,40,33.33,0
4/7/2024,San Francisco Giants,San Jose,"Rayo, Elian",8,-13.67,-18.61,53.27,13.18,30.25,33.33,0,25,50
4/7/2024,San Francisco Giants,San Francisco,"Slater, Austin",1,-42.92,-9.95,73.66,-5.27,-7.75,0,0,,
4/7/2024,San Francisco Giants,San Francisco,"Soler, Jorge",5,-29.57,-6.91,74.61,10.39,23.94,0,0,0,
4/7/2024,San Francisco Giants,Richmond,"Sugastey, Adrian",2,-33.4,-5,63.85,-3.56,-7.85,0,0,0,
4/7/2024,San Francisco Giants,Richmond,"Thomas, Andy",2,-38.23,-10.68,59.3,21.32,35.55,0,0,,0
4/7/2024,San Francisco Giants,Eugene,"Velasquez, Diego",8,-32.93,-10.12,68.17,4.02,8.9,37.5,33.33,16.67,
4/7/2024,San Francisco Giants,San Francisco,"Wade, LaMonte",4,-30.26,-10.51,72.73,9.86,20.55,25,25,0,0
4/7/2024,San Francisco Giants,San Jose,"Williamson, Guillermo",9,-24.35,-33.23,55.52,4.23,16.08,37.5,33.33,33.33,50
4/7/2024,San Francisco Giants,Richmond,"Wilson, Will",1,-24.23,-75.3,3.28,-24.22,-91.7,,,,
4/7/2024,San Francisco Giants,Richmond,"Wyatt, Logan",1,-56.93,1.14,2.79,-16.47,160.23,0,0,0,
4/7/2024,San Francisco Giants,San Francisco,"Yastrzemski, Mike",4,-40.03,-12.78,44.6,-17.19,-16.97,0,0,0,0
4/6/2024,San Francisco Giants,San Francisco,"Ahmed, Nick",3,3.19,-37.51,46.03,-14.39,-25.3,0,0,0,
4/6/2024,San Francisco Giants,San Jose,"Ahuna, Walter",3,-40.62,-4.64,66.35,-2.11,-2.31,0,0,0,0
4/6/2024,San Francisco Giants,Richmond,"Auerbach, Brett",7,-23.58,-10.28,67.55,-1.91,-3.73,42.86,33.33,20,100
4/6/2024,San Francisco Giants,Eugene,"Bandura, Scott",4,-35.54,-0.32,60.35,-8.28,-13,50,66.67,66.67,0
4/6/2024,San Francisco Giants,Eugene,"Bench, Justin",3,-24.4,-19.96,64.37,9.27,24.71,0,0,0,0
4/6/2024,San Francisco Giants,Richmond,"Bericoto, Victor",10,-20.4,-17.91,66.91,4.6,32.44,44.44,57.14,20,66.67
4/6/2024,San Francisco Giants,Richmond,"Bishop, Hunter",7,-28.35,-4.61,67.67,-1.62,-2.24,33.33,0,33.33,33.33
4/6/2024,San Francisco Giants,Richmond,"Brown, Vaun",9,-35.85,-12.31,62.23,10.81,5.88,75,66.67,83.33,0
4/6/2024,San Francisco Giants,San Francisco,"Chapman, Matt",8,-25.07,-10.43,72.96,2.8,6.04,25,16.67,40,0
4/6/2024,San Francisco Giants,San Francisco,"Conforto, Michael",11,-32.29,-25.33,60.57,5.8,13.41,22.22,33.33,20,
4/6/2024,San Francisco Giants,San Jose,"Cox, Jonah",10,-21.02,-6.6,61.9,-3.57,15.21,11.11,16.67,20,0
4/6/2024,San Francisco Giants,San Jose,"Davidson, Chanteyon",7,-27.56,-19.36,64.15,8.88,22.16,57.14,0,50,60
4/6/2024,San Francisco Giants,San Jose,"Eldridge, Bryson",11,-35.76,-10.57,65.47,11.01,18.9,45.45,33.33,50,42.86
4/6/2024,San Francisco Giants,San Francisco,"Estrada, Thairo",4,-29.31,-12.85,68.46,2.32,4.73,25,0,50,0
4/6/2024,San Francisco Giants,San Francisco,"Flores, Wilmer",1,-38.41,-3.32,62.29,5.71,9.22,0,0,0,
4/6/2024,San Francisco Giants,San Jose,"Foster, Cole",5,-36.5,-7.31,66.77,10.25,16.06,40,50,33.33,50
4/6/2024,San Francisco Giants,San Jose,"Francisco, Javier",2,-24.45,-38.04,36.07,10.41,25.55,0,0,0,
4/6/2024,San Francisco Giants,Eugene,"Gavello, Thomas",3,-39.4,1.11,74.48,11.45,18.31,0,0,0,0
4/6/2024,San Francisco Giants,Richmond,"Glowenke, Jimmy",7,-29.56,-14.78,65.1,11.18,23.93,14.29,0,25,0
4/6/2024,San Francisco Giants,Richmond,"Howell, Carter",6,-41.18,2.66,61.33,10.77,-17.95,40,50,33.33,50
4/6/2024,San Francisco Giants,Eugene,"Kachel, Andrew",6,-25.47,-10.16,68.25,-1.34,-3.27,20,33.33,33.33,
4/6/2024,San Francisco Giants,Richmond,"Koss, Christian",6,-27.3,5.04,75.38,5.85,12.17,33.33,25,50,0
4/6/2024,San Francisco Giants,San Francisco,"Lee, Jung-Hoo",4,-32.75,-0.2,67,3.01,5.2,0,0,0,0
4/6/2024,San Francisco Giants,Richmond,"McCray, Grant",5,-34.84,-15.4,63.14,7.23,16.75,80,100,66.67,100
4/6/2024,San Francisco Giants,Eugene,"McDaniel, Quinn",3,-31.61,-14.98,71.82,9.94,20.97,0,0,,
4/6/2024,San Francisco Giants,Eugene,"Morgan, Zach",2,-27.38,-29.89,27.03,2.12,5.18,0,0,,
4/6/2024,San Francisco Giants,San Francisco,"Murphy, Tom",5,-29.99,-3.43,76.2,9.62,18.69,60,0,,0
4/6/2024,San Francisco Giants,Eugene,"O'Tremba, Tanner",6,-29.27,6.01,52.58,7.88,8.79,50,40,50,50
4/6/2024,San Francisco Giants,San Jose,"Quintas, Cesar",5,-38.56,-4.41,58.94,0.1,0.23,20,0,33.33,0
4/6/2024,San Francisco Giants,San Jose,"Rayo, Elian",7,-29.75,-16.21,73.55,6.61,13.91,42.86,42.86,40,100
4/6/2024,San Francisco Giants,San Jose,"Shliger, Lucas",6,-36.53,-7.31,68.38,10.97,18.19,16.67,16.67,33.33,0
4/6/2024,San Francisco Giants,San Francisco,"Soler, Jorge",5,-29.78,-3.72,73.81,4.2,8.83,20,25,50,0
4/6/2024,San Francisco Giants,Richmond,"Thomas, Andy",4,-31.95,-11.36,75.21,-5.54,-11.31,25,25,0,50
4/6/2024,San Francisco Giants,Eugene,"Velasquez, Diego",5,-30.71,12.82,54.31,2.65,-5.09,40,33.33,0,
4/6/2024,San Francisco Giants,San Francisco,"Wade, LaMonte",5,-31.96,-7.29,71.33,10.67,23.02,40,0,0,
4/6/2024,San Francisco Giants,San Jose,"Williamson, Guillermo",7,-9.04,8.03,53.49,22.67,65.42,60,33.33,33.33,100
4/6/2024,San Francisco Giants,Eugene,"Wishkoski, Justin",2,-30.78,11.74,75.45,7.21,15.86,0,0,0,
4/6/2024,San Francisco Giants,San Francisco,"Yastrzemski, Mike",7,-32.32,-18.56,67.02,6.7,14.2,0,0,0,0
4/5/2024,San Francisco Giants,San Francisco,"Ahmed, Nick",9,-25.9,-21.22,60.8,8.28,19.5,28.57,0,0,100
4/5/2024,San Francisco Giants,San Francisco,"Bailey, Patrick",9,-31.91,-13.59,65.48,4.08,7.88,22.22,16.67,0,66.67
4/5/2024,San Francisco Giants,Eugene,"Bandura, Scott",4,-40.74,5.73,50.88,-9.77,32.89,0,0,0,
4/5/2024,San Francisco Giants,Richmond,"Bericoto, Victor",3,-29.06,-6.97,69.66,4.9,10.25,0,0,0,0
4/5/2024,San Francisco Giants,Richmond,"Bishop, Hunter",4,-26.51,-4.31,73.94,8.97,19.82,75,50,,66.67
4/5/2024,San Francisco Giants,Richmond,"Brown, Vaun",3,-36.15,-15.81,67.95,13.07,23.54,66.67,50,0,100
4/5/2024,San Francisco Giants,San Francisco,"Chapman, Matt",8,-24.09,-11.36,74.7,4.68,12.58,37.5,40,50,25
4/5/2024,San Francisco Giants,San Francisco,"Conforto, Michael",5,-36.81,-14.62,73.82,14.58,25.64,0,0,0,0
4/5/2024,San Francisco Giants,San Jose,"Davidson, Chanteyon",2,-28.18,-21.41,68.66,13.71,31.5,0,0,0,0
4/5/2024,San Francisco Giants,San Francisco,"Estrada, Thairo",11,-28,-14.01,61.21,7.06,15.99,22.22,0,0,50
4/5/2024,San Francisco Giants,San Francisco,"Flores, Wilmer",1,-29.72,1.52,63.87,7.93,16.16,0,0,,
4/5/2024,San Francisco Giants,San Jose,"Foster, Cole",1,-41.7,-17.89,0.35,-26.44,138,,,,
4/5/2024,San Francisco Giants,Richmond,"Glowenke, Jimmy",6,-30,-18.53,66.3,18.94,42.58,16.67,50,0,20
4/5/2024,San Francisco Giants,Eugene,"Higgins, Matt",3,-36.65,-0.93,58.03,5.35,9.03,33.33,0,0,100
4/5/2024,San Francisco Giants,Richmond,"Koss, Christian",1,-88.67,-73.18,6.18,-84.33,84.49,0,0,0,
4/5/2024,San Francisco Giants,San Francisco,"Lee, Jung-Hoo",5,-36.47,1.5,68.92,-0.86,-2.05,0,0,0,
4/5/2024,San Francisco Giants,Richmond,"McCray, Grant",3,-42.06,-26.34,61.83,-2.66,-0.5,50,,,0
4/5/2024,San Francisco Giants,Eugene,"McDaniel, Quinn",2,-34.55,-12.93,66.19,12.5,24.47,50,100,,0
4/5/2024,San Francisco Giants,Eugene,"Morgan, Zach",2,-26.24,-26.38,63.41,12.13,32.01,50,0,,
4/5/2024,San Francisco Giants,Eugene,"Payton, Jack",2,-40.18,-35.06,63.72,25.53,41.87,0,0,0,
4/5/2024,San Francisco Giants,Eugene,"Perez, Onil",1,-31.3,3.18,67.26,3.88,7.49,0,0,0,
4/5/2024,San Francisco Giants,San Jose,"Quintas, Cesar",2,-36.86,-10.98,67.7,12.28,19.85,50,0,,0
4/5/2024,San Francisco Giants,San Francisco,"Slater, Austin",3,-31.81,-18.79,70.74,7.96,15.81,0,0,0,
4/5/2024,San Francisco Giants,San Francisco,"Soler, Jorge",10,-29.61,-7.21,71.57,14.27,32.04,60,50,33.33,66.67
4/5/2024,San Francisco Giants,San Francisco,"Wade, LaMonte",4,-31.52,-7.06,68.42,7.37,14.18,0,0,0,0
4/5/2024,San Francisco Giants,Richmond,"Wilson, Will",4,-26.72,-10.01,67.95,6.24,14.02,75,66.67,66.67,100
4/5/2024,San Francisco Giants,Eugene,"Wishkoski, Justin",1,-29.91,8.56,48.18,-2.21,-4.44,0,,,
4/5/2024,San Francisco Giants,Richmond,"Wyatt, Logan",3,-36.15,-16.52,67.65,1.65,3.43,33.33,0,100,0
4/5/2024,San Francisco Giants,San Francisco,"Yastrzemski, Mike",5,-34.24,-14.61,71.14,6.52,12.7,80,75,0,100
4/3/2024,San Francisco Giants,San Francisco,"Ahmed, Nick",10,-16.04,-10.47,58.07,3.54,34.34,22.22,14.29,16.67,33.33
4/3/2024,San Francisco Giants,San Francisco,"Bailey, Patrick",7,-33.33,-8.12,68.98,-0.6,0.37,14.29,0,25,0
4/3/2024,San Francisco Giants,San Francisco,"Chapman, Matt",7,-28.83,-5.03,69.17,10.72,23.05,42.86,25,33.33,50
4/3/2024,San Francisco Giants,San Francisco,"Conforto, Michael",10,-28.75,-22.37,69.16,12.04,25.11,20,0,0,33.33
4/3/2024,San Francisco Giants,San Francisco,"Estrada, Thairo",9,-29.01,-9.9,64.24,6.96,12.93,33.33,40,25,40
4/3/2024,San Francisco Giants,San Francisco,"Lee, Jung-Hoo",6,-34.97,3.74,66.07,-6.79,-11.91,0,0,0,
4/3/2024,San Francisco Giants,San Francisco,"Soler, Jorge",5,-32.86,-4.75,71.82,3.91,9.18,0,0,0,0
4/3/2024,San Francisco Giants,San Francisco,"Wade, LaMonte",5,-34.76,-1.41,59.99,-0.82,-0.6,0,0,0,0
4/3/2024,San Francisco Giants,San Francisco,"Yastrzemski, Mike",8,-29.63,-20.26,69.48,10.83,23.65,25,25,28.57,0
4/2/2024,San Francisco Giants,San Francisco,"Ahmed, Nick",4,-28.09,-20.6,68.41,14.18,32.04,0,0,0,0
4/2/2024,San Francisco Giants,San Francisco,"Bailey, Patrick",9,-32.85,-15.24,65.61,7.85,14.79,25,33.33,20,50
4/2/2024,San Francisco Giants,San Francisco,"Chapman, Matt",11,-29.75,-2.58,71.37,1.05,2.65,10,0,0,20
4/2/2024,San Francisco Giants,San Francisco,"Conforto, Michael",13,-32.56,-9.14,74.11,8.53,16.76,7.69,0,0,20
4/2/2024,San Francisco Giants,San Francisco,"Estrada, Thairo",5,-33.63,-7.98,73.79,12.22,23.61,0,0,0,0
4/2/2024,San Francisco Giants,San Francisco,"Flores, Wilmer",12,-33.75,4.38,62.27,16.19,37.16,9.09,0,0,14.29
4/2/2024,San Francisco Giants,San Francisco,"Lee, Jung-Hoo",6,-35.03,-0.33,66.95,5.7,10.12,33.33,0,100,25
4/2/2024,San Francisco Giants,San Francisco,"Slater, Austin",2,-36.92,-19.8,78.73,8.05,14.36,0,0,0,
4/2/2024,San Francisco Giants,San Francisco,"Soler, Jorge",7,-30.99,-16.88,55.87,1.43,6.2,16.67,20,0,25
4/2/2024,San Francisco Giants,San Francisco,"Wade, LaMonte",1,-34.01,-3.47,72.61,1.33,2.39,0,0,,
4/2/2024,San Francisco Giants,San Francisco,"Yastrzemski, Mike",2,-32.83,-15.97,72.73,3.2,13.29,0,0,0,0
4/1/2024,San Francisco Giants,San Francisco,"Ahmed, Nick",6,-21.56,-38.36,70.07,13.62,41.29,50,0,75,0
4/1/2024,San Francisco Giants,San Francisco,"Chapman, Matt",8,-31.17,-4.16,70.63,-3.63,-5.96,12.5,0,0,100
4/1/2024,San Francisco Giants,San Francisco,"Conforto, Michael",9,-31.01,-17.11,75.2,12.32,24.41,22.22,50,50,0
4/1/2024,San Francisco Giants,San Francisco,"Estrada, Thairo",8,-30.46,-9.32,60.14,0.79,3.78,62.5,33.33,40,100
4/1/2024,San Francisco Giants,San Francisco,"Flores, Wilmer",10,-29.93,-3.64,61.62,2.25,5.27,20,12.5,0,50
4/1/2024,San Francisco Giants,San Francisco,"Lee, Jung-Hoo",6,-35.88,1.37,72.46,-2.3,-2.79,0,0,0,0
4/1/2024,San Francisco Giants,San Francisco,"Murphy, Tom",7,-34.05,-1.26,63.59,11.84,37.68,16.67,0,0,33.33
4/1/2024,San Francisco Giants,San Francisco,"Slater, Austin",6,-32.79,-13.5,55.3,-7.2,-15.87,40,33.33,50,0
4/1/2024,San Francisco Giants,San Francisco,"Soler, Jorge",11,-29.46,-7.61,75.4,7.03,14.34,0,0,0,0
4/1/2024,San Francisco Giants,San Francisco,"Wade, LaMonte",2,-35.96,0.96,76.75,0.46,0.93,0,0,0,0
4/1/2024,San Francisco Giants,San Francisco,"Yastrzemski, Mike",1,-25.67,-31.76,73.89,7.83,18.33,0,0,0,
3/31/2024,San Francisco Giants,San Francisco,"Ahmed, Nick",2,-30.5,-15.99,75.26,10.05,21.53,0,0,0,
3/31/2024,San Francisco Giants,San Francisco,"Bailey, Patrick",5,-37.11,-4.32,67.85,-1.59,-2.28,20,0,0,0
3/31/2024,San Francisco Giants,Sacramento,"Brooks, Trenton",10,-32.49,-17.67,70.35,10.25,22.14,10,0,14.29,0
3/31/2024,San Francisco Giants,San Francisco,"Chapman, Matt",9,-27.58,-12.86,73.87,2.76,11.42,0,0,0,0
3/31/2024,San Francisco Giants,San Francisco,"Conforto, Michael",4,-34.76,-15.46,70.75,15.58,29.89,25,0,0,0
3/31/2024,San Francisco Giants,Sacramento,"Diaz, Yusniel",5,-28.93,-20.69,59.68,10.97,22.89,25,0,0,33.33
3/31/2024,San Francisco Giants,San Francisco,"Estrada, Thairo",6,-30.27,3.91,63.12,8.01,15.79,20,0,0,0
3/31/2024,San Francisco Giants,San Francisco,"Fitzgerald, Tyler",5,-37.38,-15.25,70.47,16.49,28.15,60,0,50,0
3/31/2024,San Francisco Giants,San Francisco,"Lee, Jung-Hoo",5,-37,9.86,69.68,-2.26,-5.1,20,0,33.33,0
3/31/2024,San Francisco Giants,Sacramento,"Luciano, Marco",7,-30.92,-10.9,78.24,3.02,6.1,14.29,14.29,33.33,0
3/31/2024,San Francisco Giants,Sacramento,"Matos, Luis",8,-27.44,0.95,69.18,6.78,16.33,25,16.67,16.67,100
3/31/2024,San Francisco Giants,Sacramento,"Munguia, Ismael",6,-16.7,-21.14,45.24,-14.2,11.76,16.67,0,20,
3/31/2024,San Francisco Giants,Sacramento,"Pinder, Chase",3,-38.88,-3.67,58.48,-8.45,-12.34,0,0,0,0
3/31/2024,San Francisco Giants,Sacramento,"Ramos, Heliot",5,-31.82,-13.44,81.18,11.13,22.08,0,0,0,0
3/31/2024,San Francisco Giants,Sacramento,"Reetz, Jakson",3,-31.58,-6.33,68.67,18.18,37.48,33.33,0,,33.33
3/31/2024,San Francisco Giants,Sacramento,"Sabol, Blake",5,-30.1,-11.15,78.85,10.68,23.12,0,0,0,
3/31/2024,San Francisco Giants,Sacramento,"Schmitt, Casey",17,-30.4,-5.96,71.29,6.62,12.46,23.53,18.18,25,25
3/31/2024,San Francisco Giants,San Francisco,"Slater, Austin",3,-33.88,-17.82,70.52,5.59,11.26,33.33,50,0,
3/31/2024,San Francisco Giants,San Francisco,"Soler, Jorge",7,-34.81,0.19,77.6,17.74,33.5,28.57,0,0,0
3/31/2024,San Francisco Giants,Sacramento,"Villar, David",9,-35.02,-20.41,69.82,15.63,32.71,33.33,20,20,50
3/31/2024,San Francisco Giants,San Francisco,"Wade, LaMonte",5,-34.08,-1.96,78.56,9.53,20.26,40,0,0,0
3/31/2024,San Francisco Giants,Sacramento,"Walton, Donovan",3,-35.47,-19.22,65.89,2.37,8.85,0,0,0,
3/31/2024,San Francisco Giants,Sacramento,"Wisely, Brett",12,-28.8,-8.92,69.56,6.36,13.26,9.09,0,0,50
3/30/2024,San Francisco Giants,San Francisco,"Ahmed, Nick",6,-26.6,-17.64,69.32,12.58,31.68,16.67,25,0,25
3/30/2024,San Francisco Giants,Eugene,"Bandura, Scott",5,-30.06,11.31,55.3,-3.5,-10.23,0,0,0,0
3/30/2024,San Francisco Giants,Sacramento,"Brooks, Trenton",10,-32.39,-16.45,63.84,9.25,20.69,20,0,20,33.33
3/30/2024,San Francisco Giants,San Francisco,"Chapman, Matt",7,-31.52,-3.63,70.2,-0.73,0.75,0,0,0,0
3/30/2024,San Francisco Giants,San Francisco,"Conforto, Michael",14,-26.23,-10.22,68.19,7.11,22.83,46.15,33.33,50,66.67
3/30/2024,San Francisco Giants,San Francisco,"Estrada, Thairo",9,-25.88,-16.67,69.14,4.66,13.03,0,0,0,0
3/30/2024,San Francisco Giants,San Francisco,"Flores, Wilmer",5,-28.14,-7.14,65.18,6.11,10.19,0,0,0,0
3/30/2024,San Francisco Giants,Eugene,"Gavello, Thomas",1,-38.89,-9.13,73.27,30.58,54.12,100,100,100,
3/30/2024,San Francisco Giants,Eugene,"Hill, Turner",2,-32.35,-14.05,66.08,0.14,1.69,50,0,100,0
3/30/2024,San Francisco Giants,Eugene,"Kachel, Andrew",5,-33.11,-8.04,68.86,-2.16,-2.79,60,75,75,0
3/30/2024,San Francisco Giants,San Francisco,"Lee, Jung-Hoo",8,-39.18,4.02,74.67,4.4,6.89,12.5,0,0,20
3/30/2024,San Francisco Giants,Sacramento,"Luciano, Marco",8,-31.67,-17.79,49.24,-11.27,-24.74,33.33,25,40,0
3/30/2024,San Francisco Giants,Eugene,"McDaniel, Quinn",4,-30.78,-18.12,63.4,2.65,9,0,0,0,0
3/30/2024,San Francisco Giants,Eugene,"Morgan, Zach",2,-24.26,-12.84,69.83,4.83,11.57,50,0,100,0
3/30/2024,San Francisco Giants,Sacramento,"Munguia, Ismael",5,-24.9,-16.68,57.06,-3.9,-3.81,0,0,0,0
3/30/2024,San Francisco Giants,San Francisco,"Murphy, Tom",6,-32.51,-12.17,69.5,6.14,11.86,16.67,0,0,50
3/30/2024,San Francisco Giants,Eugene,"Payton, Jack",6,-37.41,-11.15,71.42,10.16,19.14,33.33,40,33.33,50
3/30/2024,San Francisco Giants,Sacramento,"Pinder, Chase",4,-30.63,-10.18,72.17,8.61,17.05,0,0,0,0
3/30/2024,San Francisco Giants,Sacramento,"Ramos, Heliot",8,-27.49,-15.25,78.82,2.39,6.94,37.5,33.33,20,100
3/30/2024,San Francisco Giants,Sacramento,"Sabol, Blake",9,-30.7,-8.08,72.55,0.58,2.64,33.33,20,66.67,0
3/30/2024,San Francisco Giants,Sacramento,"Schmitt, Casey",12,-31.73,-5.09,66.67,1.87,3.57,27.27,14.29,40,0
3/30/2024,San Francisco Giants,San Francisco,"Slater, Austin",3,-31.66,-13.9,62.78,-2.88,-5.93,100,100,100,
3/30/2024,San Francisco Giants,San Francisco,"Soler, Jorge",12,-32.19,-2.66,76.38,7.66,15.65,25,25,11.11,100
3/30/2024,San Francisco Giants,Eugene,"Suarez, Alexander",5,-29.17,-13.5,70.86,8.06,18.89,60,0,66.67,50
3/30/2024,San Francisco Giants,Eugene,"Velasquez, Diego",9,-35.84,-5.95,64.52,-1.03,-1.01,37.5,42.86,50,33.33
3/30/2024,San Francisco Giants,Sacramento,"Villar, David",8,-33.01,-14.19,72.29,10.92,20.74,25,16.67,33.33,0
3/30/2024,San Francisco Giants,San Francisco,"Wade, LaMonte",6,-31.69,-12.65,66.25,9.14,18.71,50,33.33,0,66.67
3/30/2024,San Francisco Giants,Sacramento,"Wisely, Brett",9,-28.61,-7.58,70.76,6.34,14.87,11.11,14.29,16.67,0
3/30/2024,San Francisco Giants,Eugene,"Wishkoski, Justin",2,-25.72,19.18,67.76,-9.48,-20.79,50,100,0,100
3/29/2024,San Francisco Giants,San Francisco,"Ahmed, Nick",7,-27.39,-20.47,71.27,5.66,16.67,28.57,28.57,40,0
3/29/2024,San Francisco Giants,San Francisco,"Bailey, Patrick",9,-33.62,-13.13,65.3,-1.64,-2.63,12.5,0,0,0
3/29/2024,San Francisco Giants,Eugene,"Bench, Justin",5,-29.67,-0.8,67.78,-0.83,0.54,60,75,66.67,50
3/29/2024,San Francisco Giants,San Francisco,"Chapman, Matt",12,-23.85,-7.24,83.56,1.13,-1.32,33.33,36.36,20,25
3/29/2024,San Francisco Giants,San Francisco,"Conforto, Michael",9,-22.07,-12.47,71.56,11.98,47.82,25,0,33.33,0
3/29/2024,San Francisco Giants,San Francisco,"Estrada, Thairo",9,-30.19,-3.49,68.54,3.81,7.58,55.56,60,50,50
3/29/2024,San Francisco Giants,San Francisco,"Flores, Wilmer",6,-28.61,-12.91,54.81,2.97,4.45,20,0,0,33.33
3/29/2024,San Francisco Giants,Eugene,"Frechette, Garrett",6,-38.39,-0.02,73.54,10.45,17.76,66.67,66.67,66.67,100
3/29/2024,San Francisco Giants,Eugene,"Gavello, Thomas",4,-39.5,-18.17,65.14,8.54,19.13,33.33,33.33,0,
3/29/2024,San Francisco Giants,Eugene,"Kachel, Andrew",6,-31.64,-8.79,68.98,7.04,13.93,16.67,25,25,0
3/29/2024,San Francisco Giants,San Francisco,"Lee, Jung-Hoo",7,-38.13,2.87,71.7,-5.66,-9.01,0,0,0,
3/29/2024,San Francisco Giants,Eugene,"Morgan, Zach",3,-25.74,-13.4,52.4,-5.21,-10.55,33.33,0,0,50
3/29/2024,San Francisco Giants,Eugene,"O'Tremba, Tanner",5,-32.29,-8.53,68.08,10.95,21.78,60,33.33,50,66.67
3/29/2024,San Francisco Giants,San Francisco,"Soler, Jorge",9,-30.24,-5.34,76.65,4.79,9.91,11.11,11.11,0,20
3/29/2024,San Francisco Giants,Eugene,"Suarez, Alexander",7,-33.07,-5.05,72.01,0.89,2.95,0,0,0,0
3/29/2024,San Francisco Giants,Richmond,"Sugastey, Adrian",3,-33.74,-1.59,71.9,-4.74,-6.85,0,0,0,
3/29/2024,San Francisco Giants,Eugene,"Velasquez, Diego",7,-35.14,-0.17,56.57,-7.5,-9.64,42.86,25,50,100
3/29/2024,San Francisco Giants,San Francisco,"Wade, LaMonte",10,-35.03,-8.84,66.08,-2.42,-4.89,55.56,40,33.33,50
3/28/2024,San Francisco Giants,San Francisco,"Ahmed, Nick",6,-24.9,-22.22,66.41,8.2,24.56,16.67,0,25,0
3/28/2024,San Francisco Giants,San Francisco,"Bailey, Patrick",8,-28.59,14.64,56.75,-8.25,19.76,25,16.67,25,33.33
3/28/2024,San Francisco Giants,Eugene,"Bandura, Scott",7,-36.81,2,60.14,-14.24,-24.57,42.86,33.33,33.33,100
3/28/2024,San Francisco Giants,Eugene,"Bench, Justin",6,-29.36,-7.78,67.85,4.41,10.52,16.67,0,0,0
3/28/2024,San Francisco Giants,San Francisco,"Chapman, Matt",10,-25.35,-12.69,74.4,5.38,12.9,0,0,0,0
3/28/2024,San Francisco Giants,San Francisco,"Conforto, Michael",7,-33.78,-17.38,78.07,11.86,24.6,14.29,16.67,50,0
3/28/2024,San Francisco Giants,San Francisco,"Estrada, Thairo",7,-32.8,-6.87,71.58,2.03,5.58,14.29,16.67,20,0
3/28/2024,San Francisco Giants,San Francisco,"Flores, Wilmer",2,-32.18,-11.24,68.05,20.06,45.72,50,100,,100
3/28/2024,San Francisco Giants,Eugene,"Higgins, Matt",5,-39.38,-3.04,67.75,2.5,5.77,20,20,0,100
3/28/2024,San Francisco Giants,Eugene,"Hill, Turner",6,-20.01,-16.06,58.86,-6.71,-13.93,16.67,25,25,
3/28/2024,San Francisco Giants,San Francisco,"Lee, Jung-Hoo",5,-31.42,0.31,73.94,5.42,10.7,0,0,0,
3/28/2024,San Francisco Giants,Eugene,"McDaniel, Quinn",14,-30.06,-12.84,72.91,-0.76,0.34,35.71,40,41.67,
3/28/2024,San Francisco Giants,Eugene,"Morgan, Zach",5,-32.85,-0.76,73.93,4.56,8.78,20,20,33.33,0
3/28/2024,San Francisco Giants,Eugene,"O'Tremba, Tanner",5,-29.22,-14.22,65.75,3.3,7.97,100,100,100,100
3/28/2024,San Francisco Giants,Eugene,"Payton, Jack",3,-41.47,-15.21,56.9,-8.65,-9.57,50,50,50,
3/28/2024,San Francisco Giants,San Francisco,"Soler, Jorge",9,-30.27,-6.75,69.52,5.35,15.26,37.5,42.86,33.33,50
3/28/2024,San Francisco Giants,Eugene,"Velasquez, Diego",5,-34.7,-3.13,70.04,1.57,3.52,20,0,50,0
3/28/2024,San Francisco Giants,San Francisco,"Wade, LaMonte",3,-33.81,-11.33,79.11,17.95,33.6,0,0,0,0
3/28/2024,San Francisco Giants,Eugene,"Wishkoski, Justin",6,-16.08,1.99,63.23,-14.42,-15.17,0,0,0,0
3/28/2024,San Francisco Giants,San Francisco,"Yastrzemski, Mike",7,-31.85,-21.35,64.6,16.93,35.54,50,0,50,33.33
3/27/2024,San Francisco Giants,Eugene,"Bench, Justin",2,-29.18,-12.32,64.65,0.03,0.37,0,0,0,0
3/27/2024,San Francisco Giants,Richmond,"Bericoto, Victor",1,-36.17,2.92,81.96,6.66,11.33,0,0,,
3/27/2024,San Francisco Giants,ACL Giants Orange,"Diaz, Lisbel",5,-22.32,-5.49,71.51,3.3,9.15,60,100,50,100
3/27/2024,San Francisco Giants,Richmond,"Dues, Damon",4,-49.18,5.43,60.04,-10,-13.1,33.33,,,100
3/27/2024,San Francisco Giants,Richmond,"Howell, Carter",1,-24.19,-5.36,78.82,12.47,31.8,0,0,,
3/27/2024,San Francisco Giants,Eugene,"Kachel, Andrew",7,-26.54,-5.84,72.85,3.02,7.68,14.29,0,0,
3/27/2024,San Francisco Giants,ACL Giants Orange,"Laya, Derwin",1,-25.3,-12.7,75.35,3.5,8.2,0,0,0,
3/27/2024,San Francisco Giants,ACL Giants Orange,"Maduro, Jediael",4,-45.49,16,55.5,-4.24,0.04,25,0,0,
3/27/2024,San Francisco Giants,ACL Giants Orange,"Morales, Lazaro",4,-35.3,-14.03,60.98,8.37,14.22,25,,0,50
3/27/2024,San Francisco Giants,ACL Giants Orange,"Ortiz Rivera, Jos√©",5,-30.15,-8.33,66.89,1.81,6.15,60,33.33,50,100
3/27/2024,San Francisco Giants,ACL Giants Orange,"Pierre, Mauricio",3,-34.41,-1.89,78.46,6.81,12.36,33.33,0,0,
3/27/2024,San Francisco Giants,ACL Giants Orange,"Reckley, Ryan",4,-37.96,-4.51,48.37,2,2.49,33.33,0,0,
3/27/2024,San Francisco Giants,ACL Giants Orange,"Reynoso, Dario",4,-19.91,-42.49,70.2,12.61,38.78,66.67,66.67,50,
3/27/2024,San Francisco Giants,Richmond,"Rosario, Dilan",5,-33.36,-13.49,55.65,1.99,4.34,50,0,100,0
3/27/2024,San Francisco Giants,Richmond,"Thomas, Andy",3,-35.59,-5.93,72.55,7.28,13.4,0,0,0,
3/27/2024,San Francisco Giants,Richmond,"Wilson, Will",5,-5.51,-20.05,37.93,7.78,50.39,0,0,0,
3/27/2024,San Francisco Giants,Richmond,"Wyatt, Logan",5,-37.69,-13.53,59.64,-0.21,-0.37,0,0,0,
3/26/2024,San Francisco Giants,San Francisco,"Ahmed, Nick",2,-30.3,-23.54,68.8,10.23,20.7,0,0,,
3/26/2024,San Francisco Giants,Richmond,"Auerbach, Brett",12,-22.74,-3.15,62.2,1.04,14.12,11.11,0,0,50
3/26/2024,San Francisco Giants,San Francisco,"Bailey, Patrick",1,-37.5,6.02,74.72,-1.52,-2.5,100,,,
3/26/2024,San Francisco Giants,Eugene,"Bench, Justin",2,-28.11,-15.74,68.62,9.9,23.18,0,0,0,
3/26/2024,San Francisco Giants,Richmond,"Bericoto, Victor",8,-33.43,-7.41,72.82,6.07,15.47,57.14,33.33,0,80
3/26/2024,San Francisco Giants,San Francisco,"Chapman, Matt",3,-27.06,-7.04,80.26,8.87,20.38,33.33,50,0,100
3/26/2024,San Francisco Giants,San Francisco,"Conforto, Michael",3,-31.12,-22.02,71.85,21.81,46.13,100,100,,100
3/26/2024,San Francisco Giants,Richmond,"Dues, Damon",5,-45.23,3.11,69.83,-7.41,-10.12,0,0,0,0
3/26/2024,San Francisco Giants,San Francisco,"Estrada, Thairo",2,-28.04,-15.47,71.61,11.86,28.02,0,0,,0
3/26/2024,San Francisco Giants,San Francisco,"Fitzgerald, Tyler",1,-39.54,-16.08,69.49,5.79,9.12,0,0,0,
3/26/2024,San Francisco Giants,San Francisco,"Flores, Wilmer",1,-29.25,-0.61,76.57,9.58,19.91,0,0,0,
3/26/2024,San Francisco Giants,Richmond,"Howell, Carter",10,-31.64,-2.35,75.79,0.67,1.36,0,0,0,0
3/26/2024,San Francisco Giants,Eugene,"Kachel, Andrew",4,-27.5,-7.6,75.63,4.44,9.46,0,0,0,0
3/26/2024,San Francisco Giants,San Francisco,"Lee, Jung-Hoo",7,-34.14,-3.38,71.36,0.39,1.18,28.57,25,,0
3/26/2024,San Francisco Giants,Sacramento,"Luciano, Marco",1,-29.71,-22.46,67.99,6.67,13.55,0,0,,0
3/26/2024,San Francisco Giants,Sacramento,"Matos, Luis",1,-28.24,3.06,70.19,3.22,6.82,0,0,0,
3/26/2024,San Francisco Giants,Sacramento,"Munguia, Ismael",3,-17.56,-21.68,65.64,-0.56,-3.68,33.33,50,100,
3/26/2024,San Francisco Giants,Eugene,"Pomares, Jairo",2,-35.59,-6.7,82.93,13.71,24.71,0,0,0,
3/26/2024,San Francisco Giants,Richmond,"Rosario, Dilan",3,-33.34,-11.08,72.62,16.18,31.67,66.67,50,0,100
3/26/2024,San Francisco Giants,San Francisco,"Slater, Austin",2,-37.83,-10.37,56.59,-10.04,-17.73,50,0,100,
3/26/2024,San Francisco Giants,San Francisco,"Soler, Jorge",4,-29.09,-13.69,56.43,-0.58,-1,66.67,50,,
3/26/2024,San Francisco Giants,Richmond,"Sugastey, Adrian",8,-37.29,-8.81,69.84,3.91,19.29,25,16.67,33.33,25
3/26/2024,San Francisco Giants,Richmond,"Thomas, Andy",3,-25.19,-19.87,68.85,-0.54,-0.04,66.67,100,66.67,
3/26/2024,San Francisco Giants,Richmond,"Toribio, Luis",4,-34.35,-18.52,66.09,10.75,19.04,100,100,100,100
3/26/2024,San Francisco Giants,San Francisco,"Wade, LaMonte",3,-27.66,-18.26,53.64,-3.37,-8.32,0,0,0,
3/26/2024,San Francisco Giants,Richmond,"Wilson, Will",5,-24.8,-11.38,67.46,4.14,10.77,0,0,0,0
3/26/2024,San Francisco Giants,Richmond,"Wyatt, Logan",6,-39.74,-9.95,58.75,9.36,15.17,20,0,,20
3/26/2024,San Francisco Giants,San Francisco,"Yastrzemski, Mike",5,-29.69,-23.22,72.62,9.9,21.18,20,25,50,0
3/25/2024,San Francisco Giants,Richmond,"Auerbach, Brett",8,-17.03,-2.19,52.63,0.5,6.07,16.67,0,0,100
3/25/2024,San Francisco Giants,Eugene,"Bench, Justin",3,-30.79,-3.76,68.51,4.47,10.77,33.33,0,0,100
3/25/2024,San Francisco Giants,Richmond,"Bericoto, Victor",9,-28.54,-17.24,76.64,8.9,21.21,22.22,16.67,28.57,0
3/25/2024,San Francisco Giants,Richmond,"Dues, Damon",7,-43.88,4.84,60.25,-8.57,-11.56,16.67,20,50,0
3/25/2024,San Francisco Giants,Richmond,"Howell, Carter",8,-22.64,-17.17,63.3,4.31,8.02,16.67,20,0,0
3/25/2024,San Francisco Giants,Eugene,"Kachel, Andrew",7,-26.78,-13.66,67.64,3.76,6.05,40,33.33,66.67,0
3/25/2024,San Francisco Giants,Eugene,"Payton, Jack",7,-22.45,-24.06,66.65,14.48,-0.46,42.86,0,0,66.67
3/25/2024,San Francisco Giants,Richmond,"Rosario, Dilan",7,-31.66,5.65,57.98,7.99,-2.64,40,50,0,100
3/25/2024,San Francisco Giants,Richmond,"Toribio, Luis",6,-34.11,-14.62,67.05,7.58,14.23,40,25,33.33,50
3/25/2024,San Francisco Giants,Richmond,"Wilson, Will",5,-28.2,-7.24,75.71,8.33,18.69,0,0,0,0
3/24/2024,San Francisco Giants,San Francisco,"Ahmed, Nick",3,-6.13,29.23,33.45,-25.35,-50.49,33.33,50,100,0
3/24/2024,San Francisco Giants,San Francisco,"Bailey, Patrick",3,-38.74,-10.34,75.85,4.05,17.56,33.33,0,0,50
3/24/2024,San Francisco Giants,Sacramento,"Brooks, Trenton",3,-37.87,-18.32,54.28,7.23,13.55,0,0,0,
3/24/2024,San Francisco Giants,San Francisco,"Chapman, Matt",2,-36.56,-3.83,96.43,2.93,17.62,0,0,0,
3/24/2024,San Francisco Giants,Sacramento,"Diaz, Yusniel",6,-34.43,-29.72,59.74,8.38,21.04,33.33,50,50,0
3/24/2024,San Francisco Giants,San Francisco,"Estrada, Thairo",3,-34.3,-9.97,89.78,10.54,29.99,33.33,0,0,50
3/24/2024,San Francisco Giants,San Francisco,"Fitzgerald, Tyler",3,-40.12,-22.83,75.95,3.03,23.36,0,0,0,0
3/24/2024,San Francisco Giants,San Francisco,"Lee, Jung-Hoo",3,-38.5,6,73.8,-11.28,-7.6,33.33,33.33,0,50
3/24/2024,San Francisco Giants,Sacramento,"Matos, Luis",4,-28.73,-6.2,77.36,13.2,40.38,25,50,,33.33
3/24/2024,San Francisco Giants,Richmond,"McCray, Grant",2,-33.19,-16.38,65.96,21.54,43.38,100,100,,100
3/24/2024,San Francisco Giants,Sacramento,"Meckler, Wade",4,-41.33,-24.31,60.46,13.36,27.49,0,0,0,0
3/24/2024,San Francisco Giants,Sacramento,"Munguia, Ismael",2,-22.53,-28.18,79.28,9.77,33.45,0,0,0,0
3/24/2024,San Francisco Giants,Sacramento,"Ramos, Heliot",10,-31.87,-21.52,77,-2.98,8.15,40,25,37.5,50
3/24/2024,San Francisco Giants,Sacramento,"Reetz, Jakson",5,-33.97,-11.5,71.81,7.31,27.29,50,33.33,66.67,0
3/24/2024,San Francisco Giants,Sacramento,"Sabol, Blake",4,-32.8,-22.05,83.45,10.38,31.09,25,0,0,33.33
3/24/2024,San Francisco Giants,Sacramento,"Schmitt, Casey",9,-33.16,-4.84,69.19,1.46,8.67,37.5,20,20,0
3/24/2024,San Francisco Giants,San Francisco,"Slater, Austin",2,-37.57,-18.52,72.8,-1.75,8.14,0,0,0,0
3/24/2024,San Francisco Giants,Eugene,"Velasquez, Diego",2,-32.35,-16.18,80.03,3.45,14.85,0,0,0,0
3/24/2024,San Francisco Giants,Sacramento,"Villar, David",5,-36.15,-28.89,72.81,12.48,33.2,0,0,0,0
3/24/2024,San Francisco Giants,San Francisco,"Wade, LaMonte",5,-38.24,-1.87,55.94,-14.78,-16.38,40,100,0,66.67
3/24/2024,San Francisco Giants,Sacramento,"Walton, Donovan",3,-32.91,-14.47,69.96,-7.68,-0.31,50,50,50,
3/24/2024,San Francisco Giants,Sacramento,"Wisely, Brett",8,-35.07,-10.7,66.56,-2.35,6.22,16.67,33.33,16.67,
3/24/2024,San Francisco Giants,San Francisco,"Yastrzemski, Mike",2,-31.18,-25.4,73.02,2.53,12.49,50,50,50,
3/23/2024,San Francisco Giants,San Jose,"Cavanaugh, Drew",3,-38.32,-8.12,70.43,-6.33,-0.69,0,0,0,
3/23/2024,San Francisco Giants,San Jose,"Cox, Jonah",3,-43.62,-23,73.59,8.48,25.58,0,0,0,
3/23/2024,San Francisco Giants,San Jose,"Eldridge, Bryson",2,-36.46,-18.84,79.71,4.12,16.38,0,0,0,
3/23/2024,San Francisco Giants,San Jose,"Francisco, Javier",3,-28.28,-18.11,68.63,5.38,20.51,0,0,0,0
3/23/2024,San Francisco Giants,Eugene,"Frechette, Garrett",5,-39.03,-11.66,75.85,7.79,24.27,0,0,0,
3/23/2024,San Francisco Giants,Eugene,"Higgins, Matt",4,-39.1,-6.18,74.66,7.11,21.98,50,50,0,100
3/23/2024,San Francisco Giants,ACL Giants Orange,"Martin, Walker",4,-38.74,-17.03,74.6,5.02,22.46,0,0,0,0
3/23/2024,San Francisco Giants,Eugene,"O'Tremba, Tanner",6,-31.74,-21.11,69.83,13.81,37.38,40,0,0,50
3/23/2024,San Francisco Giants,San Jose,"Rayo, Elian",4,-32.2,-34.26,71.61,15.62,38.44,25,33.33,50,0
3/23/2024,San Francisco Giants,Eugene,"Suarez, Alexander",2,-37.34,-13.45,70.05,7.35,21.49,0,0,0,
3/22/2024,San Francisco Giants,San Jose,"Ahuna, Walter",10,-44.4,-7.09,65.49,-10.22,-4.35,30,12.5,14.29,100
3/22/2024,San Francisco Giants,San Jose,"Francisco, Javier",3,-20.84,-49.41,30.14,2.58,-25.64,0,,0,
3/22/2024,San Francisco Giants,Eugene,"O'Tremba, Tanner",11,-29.28,-16.03,77.8,9.06,16.46,60,42.86,66.67,50
3/22/2024,San Francisco Giants,Sacramento,"Ramos, Heliot",9,-30.77,-18.01,76.72,-0.47,14.07,0,0,0,0
3/22/2024,San Francisco Giants,Sacramento,"Schmitt, Casey",8,-33.51,-4.06,66.41,3.3,10.63,25,0,20,33.33
3/22/2024,San Francisco Giants,Eugene,"Suarez, Alexander",8,-33.76,-17.56,69.46,13.49,36.44,62.5,33.33,33.33,75
3/22/2024,San Francisco Giants,Sacramento,"Villar, David",13,-38.78,-26.51,72.56,12.25,37.3,61.54,33.33,83.33,50
3/21/2024,San Francisco Giants,ACL Giants Orange,"Arias, Rayner",6,-35.41,-4.04,67.42,3.3,23.12,16.67,0,0,100
3/21/2024,San Francisco Giants,San Jose,"Cox, Jonah",1,-42.47,-14.83,58.82,-8.26,-4.17,0,,0,
3/21/2024,San Francisco Giants,San Jose,"Davidson, Chanteyon",8,-39.56,-13.66,74.03,-7.2,-0.22,37.5,28.57,40,50
3/21/2024,San Francisco Giants,San Jose,"Eldridge, Bryson",4,-40.99,-18.74,67.28,9.78,17.31,25,0,0,100
3/21/2024,San Francisco Giants,San Jose,"Francisco, Javier",6,-30.09,-16.33,69.2,-0.67,11.52,50,25,40,100
3/21/2024,San Francisco Giants,Eugene,"Frechette, Garrett",2,-40.61,-7.47,71.2,-4.77,3.72,0,0,0,
3/21/2024,San Francisco Giants,Eugene,"Higgins, Matt",5,-38.83,-10.29,64.88,-3.35,3.05,0,0,0,
3/21/2024,San Francisco Giants,ACL Giants Orange,"Martin, Walker",7,-33.4,-27.77,73.95,-2.54,5.05,42.86,33.33,60,0
3/21/2024,San Francisco Giants,Eugene,"McDaniel, Quinn",6,-30.42,-23.37,63.99,5.35,14.79,0,0,0,0
3/21/2024,San Francisco Giants,Eugene,"Payton, Jack",3,-35.74,-20.34,65.73,13.12,30.57,0,0,0,0
3/21/2024,San Francisco Giants,San Jose,"Quintas, Cesar",6,-35.77,-13.89,77.15,5.35,26.04,50,33.33,33.33,100
3/21/2024,San Francisco Giants,ACL Giants Black,"Ramirez, Alexander",2,-32.89,-2.2,84.64,21.01,45.96,100,,,
3/21/2024,San Francisco Giants,San Jose,"Rayo, Elian",2,-31.28,-40.05,68.72,12.89,22.49,50,50,50,
3/21/2024,San Francisco Giants,San Jose,"Shliger, Lucas",1,-44.91,-12.89,75.52,4.68,24.19,0,0,,
3/21/2024,San Francisco Giants,San Jose,"Williamson, Guillermo",5,-24.1,-41.73,70.87,4.39,23.16,20,25,20,
3/20/2024,San Francisco Giants,Richmond,"Auerbach, Brett",5,-23.93,-20.34,62.42,1.18,9.7,0,0,0,0
3/20/2024,San Francisco Giants,Sacramento,"Brooks, Trenton",4,-40.51,-18.67,59.77,12.76,27.91,50,,0,100
3/20/2024,San Francisco Giants,Richmond,"Brown, Vaun",4,-44.85,-16.71,67.09,9.12,27.13,50,0,0,100
3/20/2024,San Francisco Giants,Sacramento,"Diaz, Yusniel",5,-38.94,-21.87,72.37,9.81,23.78,0,0,0,0
3/20/2024,San Francisco Giants,Sacramento,"Meckler, Wade",5,-40.12,-11.2,80.06,1.33,15.95,0,0,0,0
3/20/2024,San Francisco Giants,Richmond,"Thomas, Andy",2,-30.39,-17.97,56.43,7.13,26.68,50,,,0
3/20/2024,San Francisco Giants,Richmond,"Wilson, Will",6,-29.16,-29.34,58.83,16.38,12.49,20,0,0,50
3/20/2024,San Francisco Giants,Sacramento,"Wisely, Brett",3,-38.24,-9.47,68.26,14.33,31.31,0,0,0,
3/20/2024,San Francisco Giants,Richmond,"Wyatt, Logan",3,-5.55,34.92,47.84,1.39,-43.6,0,0,,0
3/19/2024,San Francisco Giants,ACL Giants Orange,"Arias, Rayner",6,-35.23,-1.31,71.81,3.9,19.84,33.33,0,0,100
3/19/2024,San Francisco Giants,San Jose,"Cavanaugh, Drew",5,-39.4,-9.52,62.14,-5.58,1,25,0,0,
3/19/2024,San Francisco Giants,San Jose,"Cox, Jonah",9,-33.2,-11.49,59.47,1.28,1.95,12.5,0,20,0
3/19/2024,San Francisco Giants,San Jose,"Davidson, Chanteyon",4,-41.57,-16.17,70.86,-3.41,3.67,0,0,0,
3/19/2024,San Francisco Giants,San Jose,"Eldridge, Bryson",7,-40.47,-14.56,76.32,7.98,25.03,42.86,20,0,33.33
3/19/2024,San Francisco Giants,San Jose,"Francisco, Javier",5,-33.78,-14.15,64.41,1.94,11.34,20,25,50,0
3/19/2024,San Francisco Giants,Eugene,"Frechette, Garrett",1,-43.95,-8.96,79.06,9.78,27.24,0,0,0,
3/19/2024,San Francisco Giants,Eugene,"Higgins, Matt",3,-40.82,-10.49,77.11,12.76,29.68,33.33,0,0,
3/19/2024,San Francisco Giants,ACL Giants Orange,"Martin, Walker",2,-32.07,-26.19,76.49,7.32,27.38,50,50,100,
3/19/2024,San Francisco Giants,Eugene,"McDaniel, Quinn",2,-29.5,-29.03,69.88,11.52,30.82,0,0,0,0
3/19/2024,San Francisco Giants,Eugene,"O'Tremba, Tanner",4,-33.01,-16.6,70.64,6.03,11.85,0,0,0,0
3/19/2024,San Francisco Giants,San Jose,"Quintas, Cesar",6,-36.79,-10.92,70.48,5.04,18.92,50,25,66.67,50
3/19/2024,San Francisco Giants,San Jose,"Rayo, Elian",3,-31.53,-30.07,67.12,-1.68,25.45,50,0,0,100
3/19/2024,San Francisco Giants,San Jose,"Shliger, Lucas",2,-35.77,-19.89,67.66,-3.25,2.65,50,50,50,
3/19/2024,San Francisco Giants,Eugene,"Suarez, Alexander",2,-27.35,-32.39,75.97,19.71,59.28,50,0,0,100
3/19/2024,San Francisco Giants,San Jose,"Williamson, Guillermo",2,-27.93,-27.27,80.06,9.76,35.02,50,0,0,
3/17/2024,San Francisco Giants,Richmond,"Bericoto, Victor",2,-29.04,-39.38,46.16,19.57,19.36,0,,0,
3/17/2024,San Francisco Giants,Sacramento,"Brooks, Trenton",3,-37.31,-22.79,58.16,2.53,19.8,0,0,0,
3/17/2024,San Francisco Giants,Richmond,"Brown, Vaun",2,-41.04,-19.09,73.43,15.88,39.19,0,0,0,0
3/17/2024,San Francisco Giants,Sacramento,"Diaz, Yusniel",4,-35.31,-25.59,74.7,17.12,38.07,0,0,,0
3/17/2024,San Francisco Giants,Richmond,"Glowenke, Jimmy",4,-29.4,-23.16,61.92,20.46,39.69,33.33,50,0,100
3/17/2024,San Francisco Giants,Sacramento,"Meckler, Wade",5,-41.43,-4.93,75.97,-0.98,9.05,20,20,0,
3/17/2024,San Francisco Giants,Sacramento,"Ramos, Heliot",7,-32.31,-14.84,80.89,1.06,14.71,0,0,0,0
3/17/2024,San Francisco Giants,Sacramento,"Walton, Donovan",5,-33.59,-16.81,61.78,-4.58,12.76,25,0,0,50
3/17/2024,San Francisco Giants,Richmond,"Wilson, Will",4,-23.59,-28,72.51,6.99,29.17,50,50,0,66.67
3/17/2024,San Francisco Giants,Sacramento,"Wisely, Brett",7,-35.31,-19.18,71.97,8.41,24.1,57.14,66.67,100,25
3/17/2024,San Francisco Giants,Richmond,"Wyatt, Logan",1,-38.66,-14.08,80.28,25.02,51.54,0,0,,0
3/16/2024,San Francisco Giants,ACL Giants Orange,"Arias, Rayner",5,-32.55,-3.78,83.26,8.01,23.13,40,25,0,66.67
3/16/2024,San Francisco Giants,San Jose,"Cox, Jonah",1,-40.07,-15.84,75.33,-16.98,-6.21,0,0,0,
3/16/2024,San Francisco Giants,Sacramento,"Diaz, Yusniel",4,-40.17,-22.67,74.19,14.08,29.99,25,0,0,100
3/16/2024,San Francisco Giants,San Jose,"Eldridge, Bryson",4,-36.64,-14.85,79.44,13.89,35.51,25,25,0,100
3/16/2024,San Francisco Giants,San Jose,"Francisco, Javier",3,-34.31,-14.85,59.03,6.39,17.62,33.33,0,0,100
3/16/2024,San Francisco Giants,Eugene,"Higgins, Matt",3,-32.15,-17.87,59.31,0.79,19.23,0,0,0,0
3/16/2024,San Francisco Giants,ACL Giants Orange,"Martin, Walker",4,-37.85,-17.96,80.17,11.64,30.05,50,0,33.33,100
3/16/2024,San Francisco Giants,Eugene,"McDaniel, Quinn",4,-33.1,-28.57,64.62,21.28,24.01,0,0,0,
3/16/2024,San Francisco Giants,Eugene,"Morgan, Zach",4,-31.74,-18.36,71.85,10.84,34.71,25,25,50,0
3/16/2024,San Francisco Giants,San Jose,"Quintas, Cesar",9,-40.3,-10.7,70.17,2.03,12.15,22.22,20,16.67,33.33
3/16/2024,San Francisco Giants,San Jose,"Rayo, Elian",5,-39.32,-15.81,68.59,12.03,29.94,40,0,50,0
3/16/2024,San Francisco Giants,Richmond,"Rosario, Dilan",1,-43.51,-32.07,72.84,54.82,43.21,0,0,0,
3/16/2024,San Francisco Giants,San Jose,"Shliger, Lucas",3,-41.65,-11.79,71.86,11.79,31.66,0,0,0,0
3/16/2024,San Francisco Giants,Richmond,"Sugastey, Adrian",7,-34.53,-18.62,69.28,5.57,19.69,0,0,0,0
3/16/2024,San Francisco Giants,Eugene,"Velasquez, Diego",3,-34.61,-18.77,72.24,5.92,23.52,0,0,0,
3/16/2024,San Francisco Giants,San Jose,"Williamson, Guillermo",4,-25.61,-32.29,79.8,8.25,31.33,25,0,0,
3/14/2024,San Francisco Giants,ACL Giants Orange,"Arias, Rayner",8,-35.47,-1.17,66.74,4.21,13.57,37.5,25,0,100
3/14/2024,San Francisco Giants,San Jose,"Cavanaugh, Drew",1,-42.06,-8.16,80.26,5.43,21.37,0,0,0,
3/14/2024,San Francisco Giants,San Jose,"Cox, Jonah",3,-35.51,-24.73,70.62,7.94,22.45,0,0,,0
3/14/2024,San Francisco Giants,San Jose,"Eldridge, Bryson",7,-37.37,-17.09,75.46,12.73,31.88,57.14,40,60,50
3/14/2024,San Francisco Giants,San Jose,"Francisco, Javier",6,-30.61,-11.27,67.72,-5.3,4.03,33.33,40,25,100
3/14/2024,San Francisco Giants,Eugene,"Frechette, Garrett",3,-4.12,-30.41,25.58,-17.8,73.86,100,,,100
3/14/2024,San Francisco Giants,Eugene,"Higgins, Matt",4,-38.09,-10.67,69.52,-1.58,7.79,0,0,0,
3/14/2024,San Francisco Giants,ACL Giants Orange,"Martin, Walker",4,-32.7,-21.8,73.52,19.91,43.86,50,0,0,100
3/14/2024,San Francisco Giants,Eugene,"McDaniel, Quinn",7,-30.47,-18.95,73.6,6.58,25.64,14.29,0,0,33.33
3/14/2024,San Francisco Giants,Eugene,"O'Tremba, Tanner",5,-21.17,-4.1,49.42,20.69,4.03,0,0,0,
3/14/2024,San Francisco Giants,Eugene,"Payton, Jack",4,-30.01,-23.39,65.62,3.92,13.73,25,33.33,25,
3/14/2024,San Francisco Giants,San Jose,"Quintas, Cesar",6,-39.28,-7.58,69.93,-2.71,7.63,0,0,0,
3/14/2024,San Francisco Giants,San Jose,"Rayo, Elian",8,-34.1,-24.56,72.18,11.35,32.84,37.5,25,33.33,40
3/14/2024,San Francisco Giants,Richmond,"Rosario, Dilan",3,-33.59,-14.99,69.62,-11.81,-3.95,33.33,33.33,50,0
3/14/2024,San Francisco Giants,Eugene,"Suarez, Alexander",2,-28.17,-41.61,74.43,11.54,28.16,50,0,50,
3/14/2024,San Francisco Giants,San Jose,"Williamson, Guillermo",6,-25.92,-31.3,71.71,7.27,30.55,50,25,50,50
3/13/2024,San Francisco Giants,Richmond,"Bericoto, Victor",8,-34.45,-21.73,77.31,6.33,26.05,0,0,0,0
3/13/2024,San Francisco Giants,Sacramento,"Diaz, Yusniel",5,-37.49,-20.75,75.97,9.03,23.37,0,0,0,0
3/13/2024,San Francisco Giants,Richmond,"Dues, Damon",4,-39.7,1.46,66.28,-14.83,-15.63,0,0,0,0
3/13/2024,San Francisco Giants,Richmond,"Glowenke, Jimmy",6,-28.4,-20.43,74.22,16.67,44.74,50,25,0,60
3/13/2024,San Francisco Giants,Richmond,"Martorano, Brandon",3,-43.15,-27.54,75.46,13.06,26.38,0,0,0,0
3/13/2024,San Francisco Giants,Sacramento,"Ramos, Heliot",7,-34.34,-17.34,77.12,7.3,23.92,42.86,0,0,100
3/13/2024,San Francisco Giants,Richmond,"Rosario, Dilan",5,-29.14,-26.42,59.63,7.21,25.64,80,80,100,66.67
3/13/2024,San Francisco Giants,Richmond,"Thomas, Andy",2,-30.92,-14.73,75.46,6.39,28.94,50,,0,100
3/13/2024,San Francisco Giants,Richmond,"Toribio, Luis",2,-39.38,-15.97,83.12,10.89,28.9,0,0,0,0
3/13/2024,San Francisco Giants,Richmond,"Wilson, Will",3,-27.51,-21.17,74.92,8.85,33.54,0,0,0,0
3/13/2024,San Francisco Giants,Sacramento,"Wisely, Brett",9,-32.78,-11.71,70.43,2.19,12.66,22.22,14.29,25,0
3/13/2024,San Francisco Giants,Richmond,"Wyatt, Logan",6,-4.58,-41.46,23.09,-4.39,-7.79,,,,
3/11/2024,San Francisco Giants,Eugene,"Bandura, Scott",5,-39.97,0.83,58.51,-8.15,31.24,25,33.33,100,0
3/11/2024,San Francisco Giants,Eugene,"Bench, Justin",3,-24.07,-22.42,66.96,-1.99,11.64,33.33,0,50,
3/11/2024,San Francisco Giants,Richmond,"Bishop, Hunter",3,-25.79,-15.73,58.69,4.92,19.47,0,0,0,0
3/11/2024,San Francisco Giants,Richmond,"Dues, Damon",1,-41.26,3.99,68.93,-5,1.71,0,0,0,
3/11/2024,San Francisco Giants,San Jose,"Foster, Cole",4,-31.71,-11.43,49.67,19.64,-20.33,25,0,0,50
3/11/2024,San Francisco Giants,San Jose,"Francisco, Javier",1,-39.17,-0.67,68.36,-9.85,-3.86,0,,,
3/11/2024,San Francisco Giants,Eugene,"Frechette, Garrett",3,-34.35,-16.31,66.81,-1.45,13.74,33.33,0,0,100
3/11/2024,San Francisco Giants,Eugene,"Gavello, Thomas",1,-35.26,-19.72,75.13,6.73,15.91,0,0,,0
3/11/2024,San Francisco Giants,Eugene,"Higgins, Matt",2,-40.94,-8.27,77.68,1.73,10.66,0,0,0,0
3/11/2024,San Francisco Giants,Eugene,"Hill, Turner",2,-37.14,-24.17,41.61,26.28,1.59,0,0,,0
3/11/2024,San Francisco Giants,Richmond,"McCray, Grant",4,-32.03,-18.12,75.52,-1.92,9.49,25,25,33.33,0
3/11/2024,San Francisco Giants,Eugene,"Perez, Onil",1,-30.68,-2.35,61.78,-12.38,-12.49,0,0,,
3/11/2024,San Francisco Giants,San Jose,"Quintas, Cesar",5,-40.73,-7.06,61.55,8.13,20.91,20,0,0,50
3/11/2024,San Francisco Giants,Richmond,"Sugastey, Adrian",1,-40.73,-7.14,68.73,11.48,26.83,100,,,100
3/11/2024,San Francisco Giants,Richmond,"Thomas, Andy",2,-31.36,-16.16,72.62,-5.79,2.88,0,0,0,
3/11/2024,San Francisco Giants,Richmond,"Toribio, Luis",2,-38.7,-13.55,67.3,-32.59,-24.54,50,50,50,
3/11/2024,San Francisco Giants,Richmond,"Wilson, Will",3,-31.07,-18.43,69.74,-5.47,11.85,33.33,100,50,